qid	query	instru_desc	instru_narr
21958	meinung zu flüchtlingen	Questionnaires, survey modules, validated scales and coding schemes used to measure public opinion and attitudes toward refugees and related constructs.	Include full questionnaires or modules that contain refugee-attitude items, validated scales for measuring xenophobia/social distance, vignette instruments about refugee scenarios, interviewer guidelines and codebooks, and instruments for measuring contact or media exposure relevant to refugee attitudes. Exclude instruments focused exclusively on administrative registration of refugees, technical asylum procedures, or instruments measuring migration policy capacity without attitudinal components.
478	allgemeine lebenszufriedenheit	Survey instruments and psychometric tools used to measure global life satisfaction and subjective well‑being (questionnaire modules, SWLS, translation/validation documents, scoring manuals).	Include validated instruments (Satisfaction With Life Scale, single‑item global measures used in ESS/WVS), questionnaire modules containing life satisfaction items, translation and cultural adaptation reports, and documentation on administration and scoring. Exclude instruments that only measure domain‑specific satisfaction or affect without a global life satisfaction component.
52564	allgemeine selbstwirksamkeit	Validated instruments and administration materials for measuring general self‑efficacy (e.g., General Self‑Efficacy Scale by Schwarzer & Jerusalem), translations, scoring guidelines and psychometric evaluations.	Include scale instruments (full item lists), scoring manuals, normative data, translation/adaptation reports, and guidance for use in surveys or interventions. Exclude instruments that exclusively measure domain‑specific self‑efficacy (e.g., academic self‑efficacy) when no general self‑efficacy instrument is present.
3147	antisemitismus	Survey scales, questionnaires, codebooks and coding schemes used to measure antisemitism and to record antisemitic incidents (measurement instruments, vignette protocols, incident classification schemas).	Include validated antisemitism scales, questionnaire modules used in national/international surveys, coding manuals for incident databases, and methodological documentation on administering sensitive items. Exclude generic prejudice instruments that do not include antisemitism items and technical police systems unrelated to research classification.
3278	arbeit und beschäftigung	Survey modules, questionnaires, coding schemes and analytic tools for measuring employment and work (labour force modules, occupational/industry coding manuals, job quality indices).	Include standard labour force questionnaires, interviewer instructions, occupational/industry coding manuals (ISCO, NACE), job classification concordances, job quality measurement tools, and documentation for administrative employment registers. Exclude instruments that measure only non‑work constructs or that are irrelevant to measuring employment (e.g., medical assessment tools without occupational linkage).
3284	arbeit belastung	Validated questionnaires and measurement tools for assessing occupational workload and psychosocial/physical burdens at work (e.g. JCQ, COPSOQ, ERI, burnout inventories).	Include descriptions and use of validated instruments for measuring job demands and occupational stress such as the Job Content Questionnaire (JCQ), Copenhagen Psychosocial Questionnaire (COPSOQ), Effort-Reward Imbalance (ERI) questionnaire, Maslach Burnout Inventory (MBI), Perceived Stress Scale (when used in occupational context), and workplace exposure assessment protocols. Also include time-use diaries, ergonomic assessment checklists, and employer absence records used to quantify burden. Exclude management tools or organizational audits that do not produce measures of workload or psychosocial/physical burden.
55053	arbeit zufriedenheit	Standardized instruments and scales to measure job satisfaction and related constructs (e.g. JSS, MSQ, single-item measures, engagement scales).	Include established instruments such as the Job Satisfaction Survey (JSS), Minnesota Satisfaction Questionnaire (MSQ), single-item global satisfaction questions, and related engagement or commitment instruments (e.g. Utrecht Work Engagement Scale where relevant). Include survey modules and questionnaires used in labour and working conditions surveys to assess satisfaction. Exclude instruments that measure only managerial performance or customer satisfaction without employee-reported satisfaction.
55082	arbeit und betrieb	Instruments for assessing workplace organization and company-level practices such as employer questionnaires, organizational audits, and workplace assessment protocols.	Include employer survey instruments, organizational climate audits, management practice indexes, workplace risk assessment tools, and standardized establishment survey modules used to measure company-level working conditions and HR practices. Include protocols for matched employer-employee data collection. Exclude business tools focused solely on market performance or customer analytics that do not assess employee work or workplace organization.
55098	arbeit und leben	Measurement tools for assessing work–life balance and related constructs such as work–family conflict scales, time-use diaries, and flexible work use modules.	Include validated scales like the Work–Family Conflict Scale (Netemeyer et al.), Work–Life Balance questionnaires, time-use diary methodologies, survey modules on telework and flexible scheduling (e.g. EWCS modules), and instruments measuring caregiving burden. Include employer policies inventories that record leave entitlements and flexible arrangements. Exclude general well‑being instruments that do not include work–life items or tools measuring only organizational performance.
55428	arbeit	Standard instruments and classification systems used in work and employment research such as labour force questionnaires, ISCO occupational coding, industry classifications, and working conditions survey modules.	Include tools used to measure employment and work characteristics: labour force survey questionnaires, time-use diaries for work, occupational and industry classification systems (ISCO, NACE/WZ), standardized working conditions and occupational health survey modules (e.g. EWCS items), and administrative record linkage protocols. Include validated scales for job quality and work-related health. Exclude instruments unrelated to measuring work or employment.
55638	arbeit im wandel	Questionnaires, coding schemes and measurement instruments used to assess changes in work, occupations and job tasks.	Relevant instruments: survey modules and questionnaires on job tasks and task routineness, measures of digitalisation and platform work, occupational history calendars, instruments for coding occupations (ISCO concordances, national mappings), workplace change assessment tools, employer survey modules on restructuring and technology adoption, and validated scales for measuring skill use and task content. Exclude: technical engineering tools unrelated to labor outcomes, clinical assessment instruments not designed for workplace research.
55684	arbeit und beruf	Instruments and tools used to measure and classify occupations, career histories and vocational competences.	Relevant instruments: occupational classification manuals (ISCO, national classifications), job history calendars, questionnaires on vocational training and career development, coding tools and concordances between classification systems, career trajectory mapping tools, and competency assessment instruments. Exclude: measurement tools unrelated to occupational analysis (e.g. clinical psychometrics not adapted to workplace contexts).
55689	arbeit und arbeitszufriedenheit	Validated questionnaires and measurement tools for assessing job satisfaction and related workplace well‑being constructs.	Relevant instruments: standard job satisfaction measures (Minnesota Satisfaction Questionnaire, Job Satisfaction Survey, single-item measures used in large surveys), scales assessing facets of job satisfaction, psychosocial workplace instruments (e.g. COPSOQ, Job Content Questionnaire, Effort–Reward Imbalance), and survey modules capturing satisfaction-related constructs. Include translations and psychometric documentation. Exclude: instruments not targeted at job-related satisfaction or those without psychometric validation.
55130	arbeitsbedingungen	Assessment instruments and tools for measuring working conditions, occupational hazards, health and psychosocial work environment.	Relevant instruments: COPSOQ, Job Content Questionnaire (demand-control-support), Effort–Reward Imbalance scale, EWCS survey modules, workplace risk assessment checklists, ergonomic assessment tools, shift-work questionnaires, safety reporting systems, and structured observational tools. Include translations, validation studies and guidance for application. Exclude: clinical diagnostic instruments unrelated to workplace exposures or tools solely for industrial engineering design without occupational-health focus.
3125	arbeitslosigkeit	Instruments, register systems and survey modules used to measure unemployment, job-search behaviour and programme participation.	Relevant instruments: labour force survey questionnaires (unemployment modules), administrative unemployment registers, benefit payment and caseworker databases, job-search and unemployment spell calendars, standardized coding for labour-status categories, and evaluation tools for active labour-market programmes. Exclude: tools not designed to capture unemployment or those focused exclusively on underemployment without unemployment measures.
57703	arbeitsweg	Measurement instruments used for commute assessment: travel diaries, GPS/accelerometer trackers, map-based route collection tools, commute modules in surveys, and validated scales for commuting stress.	Include survey modules and questionnaires asking about usual mode, travel time and distance to work; travel diaries and day reconstruction methods specifying work-trip entries; GPS tracking and smartphone apps that record routes and times; transport modelling tools for commute distance/time estimation; and psychometric scales specifically assessing commuting stress or satisfaction. Exclude instruments that record mobility only at an aggregate level without trip purpose or those unrelated to travel-to-work measurement.
3474	arbeitszeit	Tools for measuring working time: time-use diaries, payroll and electronic time-stamp systems, employer scheduling software extracts, and standardized survey modules on working hours.	Include validated instruments and administrative sources used to measure hours and schedules: diary-based time-use instruments (with paid-work episodes), employer payroll registers and clock-in/clock-out logs, roster/schedule exports, and standard survey items from sources like the European Working Conditions Survey or Working Time Survey. Exclude general employment questionnaires lacking detailed time or schedule items.
57292	ausländer	Instruments to measure migration status and integration: migration questionnaires/modules, administrative registers, language proficiency tests, and acculturation/integration scales.	Include standard survey modules asking about birthplace, citizenship, year of immigration, reason for migration, and residence status; administrative data linkages with registries; validated instruments for language assessment; and scales measuring integration, discrimination or acculturation. Exclude instruments that do not collect clear migration identifiers or that only offer informal proxies for foreign status.
4629	belastung von arbeit	Measurement instruments for work-related burden: Job Content Questionnaire, Effort–Reward Imbalance instrument, Copenhagen Psychosocial Questionnaire, Maslach Burnout Inventory, ergonomic assessment tools and workplace exposure checklists.	Include validated psychometric instruments for psychosocial work factors (JCQ, ERI, COPSOQ), burnout measures (MBI), standardized ergonomic observation tools, workplace exposure assessment protocols, and administrative tools for recording occupational incidents and sick leave. Exclude generic stress scales not tied to workplace conditions or ad hoc measures lacking validation for occupational research.
53421	belastung und arbeit	Tools for assessing the work–burden relationship: combined survey modules (work conditions + health), validated psychosocial instruments (JCQ, COPSOQ, ERI), burnout inventories, and HR analytics linking workload and absence.	Include instruments and protocols designed to measure both sides of the equation: standard workplace psychosocial questionnaires combined with health and absence records, ergonomics and exposure assessment tools alongside symptom checklists, and employer data extraction methods that align work metrics with individual health/performance. Exclude tools that measure only job attributes or only health outcomes without integration capability.
53418	belastungen am arbeitsplatz	Validated questionnaires, observational checklists and measurement tools for assessing workplace burdens and exposures.	Include instruments such as the Copenhagen Psychosocial Questionnaire (COPSOQ), Job Content Questionnaire (JCQ), Effort-Reward Imbalance (ERI) questionnaire, Maslach Burnout Inventory when used for work stress, ergonomic assessment tools (RULA, REBA), noise dosimeters, exposure measurement protocols and workplace observation checklists. Exclude tools that measure general life stress without workplace items.
2160	beruf	Classification manuals, coding tools and survey modules used to record and categorize occupations.	Include ISCO and other occupational classification manuals, coding schemes (e.g., ISCO-08), occupation coding software and crosswalks, survey question wordings for occupation and employment, and guidance materials for coding free-text job titles. Exclude instruments unrelated to occupational coding or that measure other constructs only tangentially.
53913	beruf und bildung	Coding schemes, questionnaires and tools that link education information to occupational classification and skill measurement.	Include ISCED and national qualification classification manuals, tools mapping qualifications to occupations, survey modules on educational history and vocational training, measures of skill mismatch, and instruments for assessing returns to education. Exclude classroom-level teaching instruments not relevant to labor market placement.
53953	beruf zufriedenheit	Validated scales and survey items for assessing job satisfaction and its facets.	Include instruments such as the Job Satisfaction Survey (JSS), Minnesota Satisfaction Questionnaire (MSQ), single-item global job satisfaction questions used in large surveys, facet scales for pay/supervision/tasks, and guidance on scoring and interpretation. Exclude clinical diagnostic tools that do not specifically measure job-related satisfaction.
4716	berufliche tätigkeit	Instruments and tools for measuring job tasks, time use and employment histories.	Include time-use diaries, work diary instruments, task inventories and taxonomies (e.g., O*NET mappings), employment history modules, job exposure matrices (JEMs) and survey question modules for recording employment activity. Exclude clinical functional assessments that do not specify workplace activities.
4833	berufliche mobilität	Survey modules, life-history calendars, coding schemes and analytical tools for measuring and analysing occupational mobility (job history questionnaires, occupational coding manuals, mobility matrices and sequence-analysis software).	Relevant instruments include standardized job-history modules and life-course calendars that capture start/end dates and job characteristics, occupational coding schemes (ISCO, national classifications), indices of status/skill (ISEI, prestige scales), mobility matrices and statistical/sequence-analysis tools (e.g., TraMineR) and questionnaire items eliciting reasons for job change. Exclude instruments that focus solely on employer-level measures, organizational HR systems without individual career detail, or tools unrelated to tracking job transitions.
53691	berufliche einstellung	Validated scales and survey items used to measure occupational attitudes and work values, such as work values inventories, job satisfaction questionnaires and modules on occupational preferences and vocational orientations.	Relevant instruments include standardized work-values inventories, Job Satisfaction scales (single-item or multi-item), measures of intrinsic/extrinsic motivation, career aspiration modules, and questionnaire batteries used in major social surveys to elicit work attitudes. Include translation/adaptations for German contexts. Exclude psychometric instruments unrelated to occupational attitudes (e.g., personality tests without a work-specific component) or instruments that only capture employers' perspectives.
53817	berufliches selbst 	Psychometric scales and survey modules for assessing professional identity and occupational self-concept, such as occupational self-efficacy scales, career identity questionnaires, and life-history tools capturing identity development.	Relevant instruments include validated occupational self-efficacy scales, professional identity scales/adaptations for specific professions, career adaptability and identity questionnaires (e.g., Career Adapt-Abilities items), and interview guides/life-history calendars focusing on identity formation in work. Exclude instruments measuring general personality traits or organizational-level identity measures without an individual occupational-self focus.
54957	bewertung der sozialpolitik	Survey modules, question batteries and experimental designs used to measure public evaluation of social policy, including vignettes, policy-specific items and comparative opinion modules.	Relevant instruments include standardized opinion-question batteries on welfare attitudes, modules used in comparative surveys (e.g., items on welfare support), vignette experiments assessing reactions to policy scenarios, and validated scales measuring trust in social institutions and perceived policy effectiveness. Exclude instruments focused only on administrative policy metrics or technical costing tools without measures of public evaluation.
54952	beziehung führungskraft	Questionnaires, validated scales and measurement modules for assessing supervisor–employee relations, notably Leader–Member Exchange instruments, supervisory support scales and workplace conflict/mentoring measures.	Relevant instruments include the LMX-7 (or other LMX measures), perceived supervisor support scales, mentoring relationship inventories, instruments measuring supervisory fairness and abusive supervision, and multi-source feedback tools capturing dyadic relations. Exclude leadership instruments that only measure leader traits or organizational-level leadership climate without items on the dyadic supervisor–subordinate relationship.
54354	bildung erwachsen	Survey modules, questionnaires, standardized assessments and evaluation tools used to measure adult education and lifelong learning (e.g., AES questionnaire modules, PIAAC instruments, program evaluation templates).	Include validated survey instruments and questionnaire modules that capture participation in adult learning, motivations and barriers, and adult skill assessments (literacy, numeracy) such as AES and PIAAC instruments, course attendance logs, program evaluation protocols, and adult learning scales. Exclude instruments designed for primary/secondary education settings only, or clinical tools not adapted for measuring adult learning engagement.
46134	care arbeit	Survey modules, scales and measurement tools for assessing care work, caregiver burden, time-use instruments, and occupational classification tools relevant to care sectors.	Include validated instruments such as caregiver burden scales (e.g., Zarit Burden Interview), time-use diary instruments, occupational classification codes for care professions (ISCO/standard national codes), caregiver questionnaires embedded in household surveys, and program evaluation tools for care services. Exclude clinical assessment tools focused only on patient diagnosis without caregiver-oriented items, or generic workplace instruments lacking care-specific items.
45765	climate change attitudes	Survey instruments, validated scales and segmentation tools used to measure climate change attitudes, concern, risk perception and behavioral intent (e.g., standardized survey items, 'Six Americas' segmentation, experimental vignette protocols).	Include commonly used survey question batteries about climate beliefs and concern, validated psychometric scales for environmental concern (when applied to climate), segmentation instruments (e.g., Yale/George Mason 'Six Americas'), and experimental stimuli or messaging protocols used to test attitude change. Exclude instruments focused solely on technical climate literacy tests unrelated to attitudinal measures.
81	climate change	Models, measurement instruments, survey modules, remote sensing products, and tools used in climate research and policy analysis (climate models, downscaling tools, emission accounting methods, remote sensing datasets, public opinion survey modules).	Include climate model ensembles (CMIP), downscaling tools, remote sensing products (MODIS, GRACE), greenhouse gas accounting methodologies, climate impact assessment frameworks, vulnerability and risk assessment tools, and social-science instruments measuring climate perceptions and policy preferences. Exclude tools that do not pertain to climate-related measurement, modeling, or assessment.
43417	conceptions of democracy	Survey question batteries, vignettes, scales and experimental instruments designed to measure public conceptions of democracy, democratic values, legitimacy, and related constructs.	Include validated survey modules from major studies (e.g., World Values Survey democracy items, European Social Survey modules on political values), vignette-based instruments probing trade-offs among democratic principles, and experimental protocols testing messaging on democracy. Also include coding schemes for classifying conceptions in qualitative data. Exclude instruments that measure only institutional indicators without capturing citizen-level conceptions or normative understandings.
43159	consumer behavior	Survey instruments, experimental protocols, tracking tools and coding schemes used to measure consumer behavior.	Include questionnaires and scales for attitudes and intentions, purchase diaries, point-of-sale scanner protocols, choice experiment designs, conjoint analysis tools, eye-tracking and clickstream measurement protocols, field/online experimental scripts, and coding manuals for observational shopper studies. Exclude instruments devoted exclusively to firm accounting, manufacturing processes, or non-consumer economic metrics.
43910	covid	Diagnostic protocols, survey instruments, epidemiological models and measurement tools used in COVID-19 research.	Include PCR and antigen testing protocols, serological assay descriptions, standardized COVID-19 symptom checklists, validated survey modules on pandemic behavior and attitudes, contact-tracing system descriptions, mobility-tracking methodologies, statistical and epidemiological modeling tools (SEIR models, R estimation), and clinical-trial protocols for COVID-19 interventions. Exclude laboratory methods unrelated to SARS-CoV-2 and tools intended for non-pandemic infectious disease contexts unless adapted for COVID-19.
1326	demokratie	Survey questions, coding manuals, and indices used to measure democratic practices, institutions, and attitudes.	Include validated questionnaire modules on political participation and democratic satisfaction, coding schemes and manuals for regime classification (Polity, V-Dem codebooks), electoral data collection protocols, and interview guides for qualitative studies of democratic institutions. Exclude tools developed only for non-political administrative measurement or tools that measure broad governance without reference to democratic criteria.
1635	depression	Validated screening tools, diagnostic interviews, treatment protocols, and assessment batteries for depression research.	Include instruments such as the PHQ-9, Beck Depression Inventory (BDI), CES-D, Hamilton Depression Rating Scale (HDRS), SCID diagnostic interview, Mini International Neuropsychiatric Interview (MINI), psychotherapy manuals, clinical-trial protocols, and standardized rating procedures. Exclude unvalidated mood checklists or single-item measures that do not reliably assess depressive symptoms or diagnoses.
50072	digital	Assessment tools, surveys, analytics methods and protocols used to measure and study digital technology use and its effects.	Include digital-literacy assessment instruments, standardized ICT-use questionnaires, web and app analytics tools and protocols, platform API datasets and scraping methodologies, user-experience testing protocols, and measures for digital inclusion/exclusion. Exclude tools solely for hardware benchmarking or non-human machine performance metrics that do not inform social science questions about digitalization.
2185	digitale kompetenz	Assessment instruments, competency frameworks and measurement tools for digital competence.	Include validated questionnaires, standardized test batteries, competency frameworks (e.g. DigComp, ISTE standards), rubrics for digital task performance, observational protocols, item banks for assessing digital literacy, and manuals documenting administration and scoring. Also include digital learning/training curricula and validated pre/post questionnaires used in interventions. Exclude proprietary instruments with no documentation, technical software tools unrelated to assessment (e.g. server monitoring), or general ICT infrastructure checklists that do not assess human competence.
49398	digitalisierung und arbeit	Measurement instruments and tools for researching digitalization and work.	Include surveys and questionnaires for firms and employees on ICT use and digital task content, task-based job analysis instruments, occupational classification crosswalks (to map tasks to automation risk), skill demand taxonomies, employer survey modules, audit tools for workplace digital maturity, and software to analyze job postings or platform work data. Include validated measurement guides and coding manuals. Exclude technical IT deployment manuals and proprietary HR systems without methodological documentation.
5051	digitalisierung am arbeitsplatz	Tools and instruments for assessing workplace digitalization and its impacts.	Include workplace assessment checklists, digital maturity models, staff surveys and interview protocols focusing on digital tool adoption and task change, observational protocols for workflow analysis, training evaluation instruments, and guidance documents for implementing digital change. Also include coding schemes for categorizing workplace technologies and task types. Exclude general ICT procurement guides lacking research-oriented measurement detail.
50992	digitalisierung arbeit	Measurement frameworks and instruments for studying digitization's impact on work and occupations.	Include validated survey modules for ICT and digital task measurement, job analysis tools that classify task content by digital intensity, instruments to measure skill mismatch, software for text-mining job ads to extract digital skill demand, and guidelines for mapping technologies to occupations. Include coding manuals and replication resources. Exclude developer-oriented tools that measure system performance without linking to human work.
50011	diskriminierung in schulen	Instruments and tools for measuring discrimination, bias and school climate.	Include validated survey instruments for perceived discrimination and school climate, observational protocols for classroom interactions, teacher implicit bias tests (e.g. adapted IATs), coding schemes for disciplinary decisions, measurement tools for tracking and streamlining practices, evaluation frameworks for anti-discrimination programs, and interview/qualitative guides for investigating discriminatory experiences. Include manuals and psychometric documentation. Exclude informal checklists without validation or tools unrelated to school-level discrimination measurement.
505	diskriminierung	Surveys, scales, experimental protocols, audit study designs, coding schemes, and measurement instruments developed to assess discrimination and related constructs.	Include validated questionnaires and scales measuring perceived or experienced discrimination, standardized modules used in social surveys, protocols for field experiments and correspondence/audit studies, coding manuals for discrimination case records, and psychometric evaluations of discrimination measures. Exclude instruments unrelated to social discrimination (e.g., technical discrimination algorithms in signal processing) and generic survey tools lacking discrimination content.
1851	education	Measurement instruments and tools used in education research: standardized tests, assessment batteries, curriculum evaluation tools, survey modules on education, and program evaluation protocols.	Include validated achievement tests, assessment instruments (e.g., reading/math tests), survey modules and questionnaires about schooling and educational attainment, teacher and school evaluation tools, and protocols for implementing and evaluating educational interventions. Exclude general-purpose survey tools without education modules and instruments from unrelated technical domains.
2769	einstellung zum islam	Survey questions, scales, experimental vignettes, and coding schemes developed to measure attitudes toward Islam and related constructs (Islamophobia, social distance, threat perceptions).	Include validated attitude scales and survey modules on Islam/Muslims, feeling thermometer items, social distance scales adapted for Muslim targets, vignettes and experimental protocols assessing bias toward Muslims, and coding manuals for media or discourse analysis about Islam. Exclude measurement tools unrelated to attitudes toward Islam or generic instruments without adaptation to Muslim targets.
47410	einstellung zur zuwanderung	Survey modules, scales, vignettes, and experimental protocols designed to measure or influence attitudes toward immigration and migrants.	Include standardized question batteries on immigration attitudes, validated threat and social distance scales adapted for migrants, experimental vignette designs manipulating immigrant characteristics, and coding schemes for media or political discourse about migration. Exclude measurement tools not tailored to migration attitudes or purely administrative tools about migration processes.
47832	einstellung zu ausländern	Measurement instruments for attitudes toward foreigners: survey questions, xenophobia scales, experimental vignettes, and coding schemes for discourse about foreigners.	Include validated scales and survey modules assessing xenophobia and attitudes toward foreigners, social distance measures, experimental protocols testing bias against foreigners, and tools for content analysis of media or political rhetoric about foreigners. Exclude instruments unrelated to social attitudes or those focusing on diplomatic/legal definitions rather than public perceptions of people.
47836	einstellung zu fremden	Questionnaires, survey modules, scales and coding schemes used to measure attitudes to foreigners: social distance scales (e.g., Bogardus items), prejudice/xenophobia indexes, contact measures, and vignette instruments.	Include validated instruments and bespoke survey modules that measure attitudes toward foreigners or immigrants (e.g., Bogardus Social Distance Scale items adapted for immigrants, threat/perceived competition scales, feeling thermometer items, experimental vignettes manipulating immigrant characteristics). Also include coding manuals and question wordings used in major surveys. Exclude measurement tools unrelated to social attitudes (e.g., clinical scales) and instruments that only measure immigrant demographics without attitudinal items.
5783	einstellung gender	Questionnaires and measurement tools used to assess gender attitudes: standardized scales (e.g., Ambivalent Sexism Inventory), ISSP/EFA gender modules, question batteries on gender roles, and coding schemes for gender-attitude items.	Include validated instruments and commonly used survey question wordings for measuring gender attitudes (Ambivalent Sexism Inventory, Gender Role Attitudes scales, ISSP Family and Changing Gender Roles module items), guidance on constructing indices, and experimental vignettes manipulating gender cues. Exclude instruments that measure biological sex or gender identity only, or clinical instruments unrelated to social attitudes.
47494	einstellungen zum islam	Measurement instruments and survey modules for attitudes toward Islam: Islamophobia scales, social distance questionnaires, question wordings on Muslim-related policies, and vignette experiments concerning Muslim characteristics.	Include validated scales and commonly used items for measuring anti-Muslim attitudes (e.g., Islamophobia Scale adaptations), Bogardus-style social distance items tailored to Muslims, policy-question batteries (e.g., mosque, dress codes), and experimental vignettes manipulating religious identity. Also include coding guides and translations of question wordings. Exclude theological assessment tools or instruments measuring Muslim religiosity without items on public attitudes toward Islam.
66819	employ poland	Survey instruments and administrative tools used to measure employment in Poland: LFS questionnaires, national employment survey modules, coding manuals (ISCO/NACE), and administrative data linkage protocols.	Include full question wordings from labor force and employment surveys used in Poland (Polish LFS, EU-LFS modules), standardized occupation and industry coding schemes (ISCO, NACE), wage imputation procedures, and documentation for linking administrative employment records. Also include questionnaires for employment histories and job quality assessments. Exclude instruments unrelated to employment measurement or those applicable only outside the Polish context without adaptation.
67161	entfremdung der arbeit	Measurement instruments for work alienation: validated scales (e.g., Seeman's scales, Blauner’s items), questionnaires for autonomy/control, job meaning scales, and coding manuals for constructing alienation indices.	Include established instruments and question batteries measuring work alienation and its subdimensions (e.g., Seeman's alienation constructs, Work Alienation Scale adaptations, items on autonomy and meaningfulness), survey modules from EWCS or company HR surveys, and guidance on index construction and validation. Also include qualitative interview guides focusing on alienation experiences at work. Exclude general wellbeing instruments not tied to work context unless they incorporate workplace-specific items.
79	environment	Measurement instruments and tools used in environmental research: ecological assessment protocols, environmental attitude scales, sensors and monitoring devices, GIS tools, and survey modules (e.g., ISSP/ESS environment modules).	Include validated attitude scales (e.g., NEP), standardized monitoring protocols, sensor specifications and calibration procedures, GIS/remote sensing workflows, and survey modules designed to capture environmental attitudes, behaviours and perceptions. Exclude generic measurement tools that are not applied to environmental measurement (e.g., general psychometric scales with no environmental items) unless adapted for environmental research.
66255	environmental attitude	Validated instruments and survey modules for measuring environmental attitudes: NEP scale, Environmental Concern scales, ISSP/ESS environment modules, and experimental vignettes for attitude measurement.	Include multi-item scales (e.g., New Ecological Paradigm), standard survey modules (ISSP Environment, ESS environment-related items), validated short-form scales, question batteries with phrasing and response options, and measurement guides. Also include tools for scale validation (factor analysis scripts, reliability coefficients). Exclude generic attitude instruments that do not include environmental content.
6177	erziehung	Measurement instruments and pedagogical tools used in research on Erziehung: parenting questionnaires, HOME inventory, standardized child development tests, teacher-report scales, and curriculum/intervention materials.	Include validated parenting and family functioning questionnaires (e.g., Parenting Styles and Dimensions Questionnaire), observational protocols, early childhood assessment tools, teacher rating instruments, and intervention manuals for parenting or educational programs. Include German-language instruments or translations and documentation of reliability/validity. Exclude tools that are not designed to measure upbringing, parenting or educational processes.
69762	evaluation soziale arbeit	Evaluation instruments and tools for social work: outcome measurement scales, case management systems, logic models, standardized assessment tools (e.g., HoNOS, CORE-OM where applicable), and guidelines for programme evaluation in social work.	Include validated outcome scales used in social care, structured assessment tools, protocols for routine outcome monitoring, implementation fidelity checklists, cost-effectiveness templates, and evaluation toolkits tailored to social work practice (including German-language toolkits). Also include qualitative evaluation guides and mixed-methods instruments commonly used in social work evaluations. Exclude general evaluation tools that are not adapted to social work contexts unless documented as applied successfully in social work settings.
69276	external political efficacy	Measurement instruments and survey modules used to assess external political efficacy: validated scale items, survey batteries from major studies (ANES, ESS, ISSP), and analytic tools for constructing efficacy indices.	Include standard question wordings and response formats for external efficacy items, validated multi-item scales where available, harmonization guides for cross-national comparison, and codebooks/scripts for scale construction and reliability testing. Exclude measurement tools that only address internal efficacy or general civic attitudes without items on institutional responsiveness.
69667	familie beruf	Survey modules, time‑use diaries, life‑history calendars, administrative linkage protocols, employer questionnaires, and standard scales measuring work–family conflict and reconciliation policies.	Include instruments used to collect or measure work–family data: household roster modules, employment histories, occupational coding schemes (e.g., ISCO), standardized time‑use diaries, validated scales for work–family conflict/work‑life balance (e.g., Netemeyer work–family conflict items), parental leave and childcare modules, life history calendars capturing career and family events, employer survey instruments on flexible work, and protocols for linking administrative employment/benefit records to family registers. Exclude instruments focused only on clinical assessment or unrelated domains.
69687	familie karriere	Career history modules, employer HR surveys, life‑history calendars, promotion and salary coding schemes, qualitative interview guides on career and family balancing.	Include instruments for capturing career trajectories and family timing: structured career history questionnaires, administrative payroll and HR data extraction tools, life course calendars mapping births and job changes, occupational coding (ISCO), pay scale coding, standardized measures of career progression and ambition, and semi‑structured interview guides exploring career decisions after family events. Exclude instruments not designed to record temporal links between family and career.
52915	family and changing gender roles	Standardized attitude batteries (e.g., ESS gender items), time‑use diary instruments, household task inventories, qualitative interview guides on gender and family, and coding schemes for task allocation.	Include measurement instruments used to study changing gender roles: survey modules on gender role attitudes (items from ESS, WVS, Eurobarometer), validated scales for egalitarianism, 24‑hour or activity‑based time‑use diaries, household chore checklists, life history interviews capturing shifts in role expectations, observational protocols for family interaction, and methods for coding and quantifying task division. Exclude tools not applicable to measuring gendered behaviour or attitudes in family contexts.
67689	family	Household rosters, family history calendars, vital record linkage protocols, time‑use instruments, parenting questionnaires, kinship matrix coding schemes, and qualitative interview guides on family life.	Include instruments for collecting family data: standard household roster modules, life‑history and event history calendars capturing marriages and births, protocols for linking administrative vital records to survey data, 24‑hour and episode‑based time‑use diaries, parenting and caregiving scales, intergenerational transfer modules, and semi‑structured interview guides on family relationships. Include classification schemes for household types and kinship coding. Exclude instruments that do not support constructing family or household indicators.
67775	family and gender	Gender attitude batteries, sex‑disaggregated time‑use diaries, household chore inventories, parental leave registries by sex, interview guides on gendered family roles, and coding schemes for gendered task allocation.	Include instruments designed to capture gendered dimensions of family life: validated gender‑attitude items (ESS/WVS), 24‑hour and activity‑based time‑use instruments with respondent sex, modules on distribution of household tasks, administrative registries recording parental leave by gender, qualitative interview protocols probing gendered decision making and care practices, and analytical tools for coding and quantifying gendered divisions of labour. Exclude measurement tools that do not distinguish gender or cannot be applied to family contexts.
68742	form of employment	Questionnaire modules, coding manuals and classification schemes used to collect and code employment form data: employment status modules, contract-type questions, working hours modules, ILO and EU-LFS question sets, labor market coding manuals and job exposure matrices for precariousness.	Relevant instruments: standard labor force survey question batteries (ILO/EU-LFS style), national microcensus employment modules, panel survey employment modules (SOEP/GSOEP employment history), employer-employee survey modules on contract characteristics, and coding schemes for temporary vs. permanent contracts. Include documentation on harmonization protocols and translation notes. Exclude instruments that only measure firm-level characteristics unrelated to individual contract or that lack items on contract/arrangement type.
61134	führung und vertrauen	Validated scales and survey modules in German or with German translations used to measure leadership and trust: Mayer & Davis trust scales, McAllister affective/cognitive trust scale, LMX-7, scales for trust in management and leader integrity, and leadership questionnaires (e.g., MLQ) that include trust-related subscales.	Relevant instruments: instruments that explicitly assess trust in leaders or trust-relevant leader behaviors (Mayer & Davis, McAllister, LMX measures), German-language adaptations and manuals, leadership questionnaires (MLQ, authentic leadership scales) when linked to trust outcomes, and coding documentation for aggregated trust measures. Exclude instruments that measure only general social trust without leader referent or tools that assess unrelated concepts (e.g., tourist guiding surveys).
61312	führung	Measurement instruments and assessment tools for leadership: Multifactor Leadership Questionnaire (MLQ), Leader–Member Exchange (LMX) scales, Leadership Practices Inventory (LPI), 360-degree feedback instruments, situational judgment tests and leadership competency frameworks, including German translations/adaptations.	Relevant instruments: validated leadership questionnaires (MLQ, LPI, LMX-7), 360-degree feedback protocols, leadership development program evaluation tools, coding manuals and translation/adaptation documentation. Include psychometric properties and administration guidelines. Exclude instruments that do not measure leadership constructs or that are intended for unrelated tasks (e.g., tourist guide evaluations).
2541	gender role	Validated questionnaires and modules for measuring gender roles and attitudes: Attitudes Toward Women Scale (AWS), Bem Sex Role Inventory (BSRI), Gender Role Ideology scales, ISSP/ESS/WVS gender-role modules and coding guides.	Relevant instruments: survey modules and psychometric scales that assess gender-role beliefs and identities, their German-language adaptations, and codebooks with item wording and coding schemes. Include documentation on scoring, reliability and translations. Exclude instruments unrelated to gender norms (e.g., generic role-identity tools without gender focus).
3938	gender	Survey modules, questionnaires and coding guides for measuring gender and related constructs: two-step gender identity items, Gender Identity/Gender Minority measures, gender norms modules (ESS, ISSP items), and documentation for coding sex/gender in administrative data.	Relevant instruments: validated items and best-practice question wording (two-step method: sex assigned at birth + current gender), scales measuring gender norms and expression, and coding manuals addressing non-binary and transgender categories. Include guidelines on ethical collection of gender data and translation notes for different languages. Exclude instruments that conflate sex and gender without clear items or lack documentation on response options and coding.
61636	gender studies	Validated scales, survey modules, interview guides and coding schemes used to measure gender attitudes, roles, identities and related constructs.	Include: instruments such as Bem Sex Role Inventory, Gender Role Attitudes scales, gender ideology items, interview/observation guides for gender studies, coding schemes for qualitative gender analysis, and standardized modules (e.g., ISSP/ESS gender modules). Exclude: clinical diagnostic tools unrelated to social gender (e.g., endocrine assays), or tools focused solely on biological sex measurement without social/gender components.
62134	general self-efficacy	Measurement instruments and manuals for assessing general self‑efficacy, their translations, scoring rules and validation studies.	Include: General Self‑Efficacy Scale (Schwarzer & Jerusalem) and its validated language versions, psychometric papers, item lists, scoring instructions, administration guidelines, and short/long form variants. Exclude: instruments that measure only domain‑specific self‑efficacy (e.g., Academic Self‑Efficacy Scale) unless they include a general self‑efficacy component.
2575	generation y	Survey modules, questionnaires and analytic tools designed or commonly used to study generational cohorts, and methods for cohort assignment and age‑period‑cohort analysis.	Include: questionnaires with items on values, technology use, work preferences tailored to Millennials, codebooks that flag generational cohorts, and statistical tools/methods for cohort comparison (APC models). Exclude: tools unrelated to cohort identification or analyses that do not support cohort stratification.
1423	generelle selbstwirksamkeit	German instruments and translations for measuring general self‑efficacy, manuals, item lists and validation studies (e.g., Suche for 'Allgemeine Selbstwirksamkeitserwartung').	Include: German version of the General Self‑Efficacy Scale (Schwarzer & Jerusalem), translation/adaptation documentation, scoring instructions, normative data for German populations, and psychometric studies. Exclude: instruments that only measure domain‑specific Selbstwirksamkeit and lack a general component.
61544	geschlecht und geschlechterrollen	Validated scales, survey questions, interview guides and coding manuals used to measure gender roles, role attitudes and gendered behaviour.	Include: instruments like the Bem Sex Role Inventory, Attitudes Toward Women Scale, Gender Role Attitudes items found in ISSP/ESS, time‑use survey instruments, qualitative interview guides on gender socialization, and coding schemes for role content analysis. Exclude: biological measurement tools and instruments not addressing social role constructs.
61473	geschlechter rolle	Validated scales and survey modules used to assess gender roles, plus coding schemes and questionnaires relevant to role attitudes and behaviors.	Include instruments such as the Bem Sex Role Inventory (BSRI), Attitudes Toward Women Scale, Gender Role Attitudes items in ISSP/ESS, role conflict/strain scales, time-use instruments that allow computing division of labor, and translations/adaptations of these tools in German. Also include coding guides and questionnaire modules used in large surveys to capture gender-role data. Exclude clinical instruments unrelated to social role measurement and generic organizational job-role tools that do not address gender.
59288	geschlechterrollen	Survey modules, scales and qualitative protocols used to measure gender-role attitudes and stereotypes, and comparative coding schemes for cross-cultural research.	Include instruments like ISSP and ESS gender/family modules, Bem Sex Role Inventory and its adaptations, Attitudes Toward Women Scale, stereotype endorsement items, standardized time-use diaries, and interview guides for qualitative studies of gender norms. Exclude instruments that do not pertain to gender norms or role expectations.
4690	gesundheit	Validated health measurement instruments and tools: health surveys, clinical assessment instruments, questionnaires, and coding systems used in health research.	Include instruments such as SF-36/SF-12, EQ-5D, WHO health surveys, GHQ, standardized clinical assessment protocols, laboratory assay methods, and coding systems like ICD and ATC. Also include population health surveillance tools and measurement guides. Exclude instruments unrelated to health measurement (e.g. purely administrative business tools).
58542	gesundheit psychisch	Psychometric instruments and clinical tools for assessing mental health: screening questionnaires, diagnostic interviews, standardized clinical scales and service-use measurement instruments.	Include commonly used validated instruments such as PHQ-9, GAD-7, GHQ-12, BDI, HADS, WHO-5, MINI, SCID, and service-use questionnaires and PROMs for mental health. Also include coding schemes for psychiatric diagnoses (ICD-10/DSM) and assessment protocols used in clinical and epidemiological studies. Exclude tools not validated for mental health assessment or instruments intended solely for neurological testing without psychiatric relevance.
58545	gesundheit patienten	Instruments and tools for assessing patient health and experience: clinical outcome measures, PROMs, satisfaction surveys, clinical assessment protocols and registries.	Include tools such as PROMIS, EQ-5D, SF-36, disease-specific outcome scales, patient satisfaction instruments (e.g. HCAHPS where applicable), clinical case report forms, standardized follow-up protocols, and registries used to monitor patient outcomes. Exclude instruments not intended for patient assessment or administrative tools unrelated to patient health.
58585	gesundheit betrieb	Instruments and tools used for assessing and implementing workplace health programs, organizational risk assessments, and OSH management systems.	Include validated questionnaires and checklists for workplace health promotion and occupational safety (e.g., workplace health climate scales, organizational-level psychosocial risk assessment tools), implementation toolkits for enterprises, intervention manuals, company-level audit instruments, and employer survey instruments. Exclude clinical diagnostic instruments used only in medical settings, instruments solely measuring general population health unrelated to workplace, or tools designed exclusively for patient care.
58610	gesundheit im betrieb	Assessment instruments and implementation tools for measuring and improving health in workplace settings.	Include validated employee health questionnaires (e.g., job-content questionnaires, effort–reward imbalance scales, workplace stress inventories), ergonomic assessment tools, workplace risk assessment protocols, intervention toolkits used in companies, and monitoring instruments for occupational exposures. Exclude instruments intended only for clinical diagnosis outside occupational assessment or tools not applicable to workplace settings.
58700	gesundheit von beschäftigten	Survey instruments, clinical measures, and occupational assessment tools used to measure employee health and work-related exposures.	Include validated health questionnaires for working populations (e.g., GHQ, SF-12/36, WHO-5), scales for work stress and psychosocial risks, instruments for measuring absenteeism/presenteeism, occupational exposure measurement tools, and protocols for workplace health examinations. Exclude instruments intended for general population screening when not validated for employed subgroups, or tools unrelated to occupational health assessment.
58705	gesundheitliche beschwerden	Questionnaires and measurement tools for assessing health complaints and symptom burden.	Include validated symptom checklists and inventories (e.g., SCL-90 somatisation items, somatic symptom scales, standardized pain questionnaires), daily symptom diaries, sleep disturbance instruments, and occupational symptom assessment tools. Also include protocols for clinical evaluation of symptom complaints in occupational health. Exclude purely laboratory instruments that do not measure subjective complaints.
4600	gewalt	Measurement instruments and tools for assessing violence exposure, perpetration, and response, and for implementing prevention/intervention programs.	Include validated survey instruments and screening tools (e.g., Conflict Tactics Scale, WHO Violence Against Women instrument, juvenile delinquency/violence scales), incident reporting protocols, risk assessment tools, observational coding schemes for violent events, and program manuals for prevention/intervention (e.g., bystander training, domestic violence interventions). Exclude forensic lab methods unrelated to social measurement, instruments only for animal behavior, or tools that do not capture human-directed violence.
58858	gewalt jugend	Validated instruments and screening tools used to assess violence involving youth, prevention program measures, and standardized questionnaires for child/adolescent violence.	Include instruments such as the Juvenile Victimization Questionnaire (JVQ), Conflict Tactics Scales (CTS) adapted for adolescents, Olweus Bullying Questionnaire, Cyberbullying scales, Childhood Trauma Questionnaire (CTQ) for retrospective adolescent reports, school-based victimization modules, and standardized screening tools used by child protection services. Also include evaluation tools for youth violence prevention programs. Exclude adult-only violence instruments without youth validation and generic crime-record extraction protocols that lack measures specific to children or adolescents.
60151	global life satisfaction	Standard instruments and survey items used to assess life satisfaction and facilitate cross-national comparability.	Include validated instruments such as the Cantril ladder, the Satisfaction With Life Scale (SWLS), OECD's single life satisfaction item, and standardized questionnaire modules from World Values Survey, ESS, Gallup, and ISSP used for global comparability. Also include translation and harmonization protocols, anchoring vignettes and methods/tools for testing measurement invariance across cultures. Exclude ad hoc or unvalidated single items without comparability information and instruments intended only for clinical diagnostic use unrelated to life evaluation.
3148	health	Validated instruments and measurement tools commonly used in population health research and public health surveillance.	Include instruments such as SF-36/SF-12 (health-related quality of life), EQ-5D, PHQ-9, GAD-7, GHQ-12, AUDIT, standardized physical activity and dietary questionnaires, clinical measurement protocols for blood pressure/BMI, and survey modules from WHO STEPS, DHS, and national health interview surveys. Also include coding schemes for ICD diagnoses in administrative data and tools for health inequality measurement. Exclude highly specialized laboratory assay kits or clinical devices not used in population-level measurement.
383	home office	Survey modules, scales and measurement tools used to assess telework practices, remote work outcomes, and home-office ergonomics.	Include validated survey items and modules for measuring telework frequency and intensity, remote-work environment checklists, work–family conflict scales (e.g., Carlson et al. work–family conflict scale), remote-work productivity/self-efficacy measures, time-use diary instruments capturing work location, and ergonomic self-assessment checklists for home offices. Also include employer policy templates and evaluation tools for remote work programs. Exclude generic IT configuration guides or product-specific setup manuals unrelated to research measurement.
221	immigration	Standard instruments, questionnaires and coding schemes used in migration research, and tools for measuring integration and legal status.	Include survey modules and question batteries for migration (e.g., migrant background question sets used in EU surveys), language proficiency assessments, integration scales (social, economic, civic integration indices), legal-status coding schemes, and tools for harmonizing migration variables across datasets (e.g., harmonization guides for country of birth, citizenship, and year of arrival). Also include translations/translation protocols for migrant surveys and instruments for measuring xenophobia or attitudes toward immigrants. Exclude administrative IT systems unrelated to research use and instruments designed solely for immigration officers' operational use without research documentation.
52895	inequality	Questionnaires, survey modules, scales, measurement protocols, and software/tools used to collect or analyze inequality-related data and to compute distributional statistics and decomposition methods.	Include survey instruments that capture income, consumption, employment, education, health, and household characteristics; coding manuals; tools for measuring inequality (Gini calculators, decomposition routines, microsimulation models); and software packages and reproducible code for inequality analysis. Exclude instruments unrelated to distributional measurement (e.g., clinical instruments without socioeconomic variables) and tools that only visualize non-distributional data.
63271	information trust	Survey instruments, experimental protocols, coding schemes, annotation guidelines, and software/tools for measuring and analyzing trust in information and credibility assessments.	Include questionnaires and validated scales for media or source trust, experimental designs for credibility interventions, coding manuals for annotating trustworthiness of content, fact-checking frameworks, and analytical tools for sentiment/credibility detection. Exclude technical tools that only perform linguistic processing without relevance to trust measurement, unless paired with trust annotation protocols.
63273	information politik	Instruments and tools for studying information policy and politics: policy coding schemes, legal databases, FOI request templates, content censorship monitors, and analytical tools for mapping political information flows.	Include coding manuals and typologies for classifying information policies, structured templates for collecting FOI data, tools for monitoring and geolocating censorship or takedown events, and software for network analysis of political information dissemination. Exclude purely engineering tools for information systems administration that do not support political/policy research.
63264	informations- und kommunikationstechnologie	Survey instruments, measurement protocols, digital skills tests, usage diaries, and tools for measuring ICT infrastructure and digital engagement.	Include standardized questionnaires for ICT access and use (e.g., household ICT modules), validated digital literacy assessments, log collection protocols, website/app analytics frameworks for research, and geospatial tools for mapping connectivity. Exclude developer tools and software components intended solely for building ICT systems without measurement or research application.
5945	interesse für politik	Survey questions, modules, validated scales, and experimental protocols used to measure political interest and related constructs (attention, civic engagement).	Include standard questionnaire items and modules from election studies and international surveys that capture political interest, interview protocols, diary instruments for media attention, and experimental designs testing causal effects on interest. Exclude administrative tools or institutional records that do not directly measure individual political interest.
62692	interesse an führung	Questionnaires, scales and measurement tools that assess interest in leadership or aspiration to lead (e.g., leadership aspiration items, leadership motivation scales), as well as structured interview protocols and vignette measures that elicit willingness to assume leadership.	Include validated instruments or bespoke survey items that directly measure interest in leadership, promotion intent, or leadership career goals. Include experimental choice tasks and vignettes designed to elicit leadership preference. Exclude tools that measure general leadership ability, leader behavior, or organizational leadership climate when they do not measure individual interest or aspiration to lead.
15911	motivation in der arbeit 	Measurement instruments and tools used to assess work motivation: standardized questionnaires (e.g., WEIMS, UWES), situational judgment tests, diaries measuring daily motivation, intervention toolkits, and observational coding schemes for motivational behavior at work.	Include validated questionnaires and measurement protocols that target motivational constructs in occupational settings, daily experience-sampling tools for motivation at work, and experimental paradigms designed to manipulate or assess motivation. Exclude instruments developed for school or clinical contexts unless explicitly adapted and validated for workplace use.
15758	job satisfaction	Measurement instruments for job satisfaction such as the Minnesota Satisfaction Questionnaire (MSQ), Job Descriptive Index (JDI), single-item global satisfaction measures, and survey modules used in employee studies.	Include validated scales and commonly used survey items that measure overall and facet job satisfaction, along with administration guidelines and scoring procedures. Exclude instruments unrelated to job satisfaction (e.g., general life satisfaction scales) unless tied explicitly to the job domain.
15423	jugendliche	Instruments and tools for researching adolescents: youth questionnaires, standardized screening instruments (SDQ, CES-DC), school survey instruments, developmental assessment tools, and protocols for interviewing minors (parental consent procedures).	Include age-appropriate validated instruments and survey modules tailored to adolescents, tools for assessing mental and physical health, and instruments for educational and social behavior research. Exclude adult-focused instruments unless validated for adolescent populations.
17369	kinder und jugendliche	Measurement tools used with children and adolescents: Child Behavior Checklist (CBCL), Strengths and Difficulties Questionnaire (SDQ), pediatric quality-of-life scales, developmental assessment batteries, school achievement tests, and consent/assent protocols.	Include validated, age-appropriate instruments and assessment protocols for children and adolescents, as well as survey modules designed for caregivers or schools. Exclude instruments validated only for adults or those unsuitable for minors without documented adaptation and validation.
6322	klima	Measurement and analytic instruments for climate science and social research on climate: meteorological sensors, remote sensing platforms, climate models, climate indices, survey instruments for climate attitudes, vulnerability/adaptation assessment tools.	Relevant instruments include weather stations, satellite sensors, ocean buoys, global/regional climate models (GCMs/RCMs), reanalysis products, standard climate indices (e.g., SPI, SPEI, Köppen classification), and validated survey questionnaires on climate attitudes and risk perception. Exclude general-purpose measurement tools with no explicit application to climate topics.
6370	klimawandel	Tools for studying climate change: attribution methods, earth system and integrated assessment models, emission calculators, vulnerability/resilience assessment frameworks, survey instruments measuring climate change perceptions and behavior, and decision-support tools for mitigation/adaptation.	Include climate models (GCMs/ESMs), statistical attribution techniques, IAMs, carbon footprint calculators, adaptation planning tools (e.g., climate risk assessments), and validated questionnaires on climate change beliefs and actions. Exclude tools with no explicit application to climate change research.
13621	kultur	Tools and instruments for cultural research: standardized survey modules on culture and identity, cultural participation questionnaires, ethnographic interview guides, coding schemes for qualitative cultural data, cultural policy evaluation frameworks, and cultural heritage inventories.	Include validated survey instruments measuring cultural engagement and values, structured interview guides for ethnography, content analysis coding schemes for cultural texts, and methodological toolkits for evaluating cultural policy and heritage. Exclude biomedical laboratory tools or instruments unrelated to humanities/social scientific study of culture.
21558	lernen am arbeit	Instruments for researching workplace learning: training evaluation tools, workplace learning questionnaires, competency assessments, observational protocols for workplace learning, employer survey modules, and tools for measuring informal learning and knowledge transfer.	Include standardized instruments for assessing training participation and outcomes, validated competency tests, interview guides and observation checklists for workplace learning episodes, and employer questionnaires on training provision. Exclude instruments designed solely for classroom education or for automated/machine learning evaluation.
21877	links rechts orientierung	Instruments for measuring left-right orientation: survey questions for ideological self-placement, battery of policy attitude items for scale construction, psychometric tools for dimensionality analysis, party position coding schemes, and Q-methodology protocols for ideological mapping.	Include standard left-right self-placement items, validated issue batteries to derive ideological scales, coding manuals for placing parties/manifestos on left-right spectra, and statistical tools (factor analysis, IRT) used to validate left-right measures. Exclude instruments not related to political ideology measurement.
4835	media	Measurement instruments and tools for media research: survey questionnaires, coding schemes for content analysis, media diaries, web-scraping and social media collection tools, platform APIs, and validated scales measuring media-related constructs.	Relevant instruments include validated survey items and scales for media exposure and media literacy, content analysis codebooks and intercoder reliability protocols, media diaries and experience sampling instruments, tools and scripts for collecting social media data (APIs, crawlers), sentiment and topic analysis pipelines, and methodological protocols for experimental media research. Include documentation, manuals, and codebooks that enable replication. Exclude instruments solely for biological media cultivation, manufacturing quality control, or hardware diagnostics unrelated to communication research.
22227	merkmale der arbeit	Instruments and tools to assess characteristics of work: job-content questionnaires, psychosocial risk scales, ergonomics checklists, workplace observation protocols, and occupational classification tools.	Include validated instruments such as the Job Content Questionnaire (JCQ), Effort-Reward Imbalance (ERI) scales, Copenhagen Psychosocial Questionnaire (COPSOQ), O*NET or ISCO-based task inventories, workplace hazard assessment checklists, time-use diaries, and structured job-analysis protocols. Also include measurement manuals, codebooks, and interviewer guides for assessing job attributes. Exclude tools unrelated to measuring job characteristics (e.g., general HR software without assessment modules) or instruments focused only on organizational performance without job-level measurement.
427	migration	Instruments and tools for migration research: survey modules and questionnaires capturing migration histories, migration registers, tracking protocols, qualitative interview guides, and coding schemes for legal statuses and reasons for migration.	Include standardized survey modules (e.g., migration history modules), census questions templates on place of birth and previous residence, administrative register schemas, interview guides for migrant experiences, protocols for longitudinal tracking and sampling of mobile populations, and classification tools for legal statuses and migrant typologies. Also include GIS and mobility-tracking tools used in migration studies. Exclude laboratory tools for biological migration or instruments not designed to measure human mobility and migration processes.
18263	mitarbeiter	Instruments and tools for employee research: staff survey questionnaires, HR information systems, performance appraisal instruments, employee engagement scales, exit interview protocols, and staff audit tools.	Include validated employee-focused instruments such as job satisfaction scales, engagement and commitment questionnaires, 360-degree feedback tools, performance appraisal forms, HR administrative data schemas, staff climate and culture surveys, and interview guides used in employee studies. Also include codebooks and manuals for employee datasets. Exclude general business software unrelated to measuring or researching employees and tools intended only for volunteer or collaborator tracking not tied to employment.
20775	mobilität	Instruments and tools for measuring mobility: travel survey questionnaires, GPS/smartphone logging apps, travel diary protocols, transport modeling software, accessibility calculators, and indicators for social mobility analysis.	Include standardized travel diary instruments, GPS and smartphone data collection tools, public transport smartcard data processing tools, origin-destination matrix construction protocols, transport demand and traffic simulation models, GIS tools for accessibility analysis, and survey modules for social mobility (e.g., parental occupation/education modules). Also include manuals, coding schemes, and data processing scripts specific to mobility research. Exclude laboratory instruments measuring molecular mobility or tools unrelated to human or social mobility measurement.
20969	motivation and mitarbeiter	Measurement instruments and protocols for assessing employee motivation and workplace engagement (questionnaires, interview guides, observational checklists).	Include validated instruments and tools used in organizational contexts such as the Utrecht Work Engagement Scale (UWES), Job Diagnostic Survey (JDS), Minnesota Satisfaction Questionnaire (MSQ), Work Extrinsic and Intrinsic Motivation Scale (WEIMS), organizational climate instruments, structured interview protocols for motivation, and workplace observation schemes. Include descriptions of administration, translation/validation for German contexts, and scoring. Exclude ad-hoc or single-item measures without validation unless clearly described as exploratory tools.
21258	motivation und lernen	Instruments and tools for measuring motivation in learning: questionnaires, observational protocols, learning analytics methods, and intervention materials.	Include validated scales such as the Academic Motivation Scale (AMS), Motivated Strategies for Learning Questionnaire (MSLQ), Goal Orientation Scales, self-regulated learning instruments, situational interest measures, and coding schemes for classroom motivation. Also include tools for measuring online engagement (clickstream, LMS logs), and instructional materials used in motivation interventions. Exclude instruments that do not measure motivational constructs or that are exclusively for non-learning applications.
21259	motivation und interesse	Measurement instruments and protocols for assessing interest and motivation: interest inventories, situational interest scales, curiosity measures, and complementary observational/analytics tools.	Include validated instruments such as the Situational Interest Scale, Personal Interest Questionnaires, Domain-specific interest inventories, Curiosity scales, and instruments that jointly measure motivation and interest (components of AMS, MSLQ subscales). Also include observational coding schemes and digital measures (e.g., attention/engagement trackers) used to operationalize interest. Exclude tools that measure only consumer preferences or market interest without psychological constructs.
7965	nutzung medien	Measurement instruments and tools for assessing media use: questionnaires, time-use diaries, passive digital tracking tools, and coding schemes for content and engagement.	Include validated media use questionnaires, standardized time-use diaries, app and browser logging tools, APIs and analytics methods for social media/platform data collection, and coding manuals for content classification and engagement metrics. Include protocols for ethical data collection and anonymization. Exclude purely network-management tools or content-production software that do not measure user consumption.
6939	online sport	Instruments and tools for studying online sport: fitness tracking devices, app/platform analytics, e-sports stat trackers, questionnaires on online exercise behavior, and intervention materials for virtual training.	Include wearable sensors and their data processing protocols, app analytics dashboards, APIs for platform data extraction, validated questionnaires on digital exercise behavior and adherence, performance tracking tools used in e-sports, and manuals for online coaching interventions. Also include methods for measuring user engagement in livestreams. Exclude measurement tools designed solely for in-person sport that have no online adaptation or data export capability.
7159	orientierung beruf	Questionnaires, standardized tests and program manuals used to assess vocational interests, career decision-making, and guidance interventions.	Include validated instruments and tools such as Self-Directed Search, Holland (RIASEC) inventories, Career Adapt-Abilities Scale, Career Decision-Making Self-Efficacy scales, vocational interest inventories, school/counseling program manuals, assessment batteries used in career guidance, and measurement protocols for tracking transitions. Include translation/adaptation documentation and scoring guides. Exclude instruments focused on unrelated constructs (spatial orientation or political orientation) and employer-only HR tools that do not assess individual vocational orientation.
11910	persönlichkeit	Standardized personality questionnaires, short-form scales, manuals, scoring keys and validation studies.	Include validated instruments such as NEO-PI-R/3, BFI/10/44, TIPI, IPIP scales, Eysenck inventories, personality disorder instruments, instrument manuals, translation/adaptation documentation, scoring algorithms and psychometric validation reports. Also include computerized assessment tools and coding schemes for personality data. Exclude ad hoc or single-item measures without validation and instruments solely measuring unrelated constructs (e.g., charisma as marketing term).
1168	political participation	Survey modules, validated scales and measurement tools used to assess political participation and civic engagement.	Include standardized questionnaire modules from major surveys (ESS, CSES, ANES, ISSP) measuring participation, indexes and scoring rules, experimental mobilization protocols, coding schemes for protest/event participation, and measurement guides for online political behavior. Include translation notes and administration protocols. Exclude tools that do not measure political activity or that are purely administrative (e.g., voter registration lists) without individual-level participation measures.
439	political efficacy	Question items, scales and measurement protocols for assessing political efficacy and related constructs.	Include validated efficacy items and scales used in ESS, ANES, CSES and other surveys, scale construction guides, psychometric validation studies, question-wording variants and translation notes, and experimental instruments manipulating perceived efficacy. Exclude instruments measuring non-political efficacy (e.g., health self-efficacy) unless adapted and validated for political contexts.
8932	political survey	Survey instruments, questionnaires, coding manuals and methodological toolkits for conducting political surveys.	Include full questionnaires and modules used in major political surveys (ESS, ANES, CSES, Eurobarometer), interviewer instructions, translation/adaptation files, sampling designs, weighting guides, question batteries for measuring ideology, turnout and party ID, and tools for questionnaire programming and fieldwork. Exclude non-survey tools (e.g., purely administrative election returns) and instruments not applicable to political survey research.
10109	politik	Survey instruments, questionnaires, coding manuals and measurement tools designed to capture political constructs: election study questionnaires, public opinion modules, manifestos coding schemes, scales for political trust, efficacy, ideology, and tools for political discourse/content analysis.	Include validated instruments and toolkits whose stated purpose is to measure political constructs (e.g., election study core questionnaires, public opinion batteries, party manifesto coding manuals, political efficacy and trust scales). Instruments must include item wording, response categories, and scoring or coding guidance. Exclude generic social science instruments with no explicit political content, single-item ad-hoc questions without documentation, or proprietary tools without accessible documentation.
9547	politik politisches verhalten	Measurement instruments and protocols for political behavior: validated turnout and participation survey items, behavioral experiment protocols, observational coding schemes for participation, neighborhood or social-network measurement tools for mobilization.	Include standardized questionnaires and experiment designs that elicit or measure political behavior (vote intention and verification modules, turnout validation methods, protest participation batteries, mobilization treatment scripts). Instruments should provide item wording, response options and, where applicable, protocols for validation (e.g., matching survey responses to official turnout records). Exclude attitudinal-only instruments or tools lacking operational details to identify behavior.
10059	politische bildung	Assessment tools and pedagogical instruments for political education: civic knowledge tests, competency frameworks (ICCS, PISA civics), classroom observation protocols, teacher questionnaires, curriculum mapping tools and program evaluation instruments.	Include validated tests and instruments designed to measure civic knowledge, skills and dispositions (item batteries, scoring rubrics, competency frameworks), as well as curriculum analysis tools and evaluation guides. Instruments should include item wording, scoring instructions and administration protocols. Exclude generic educational assessments without civic-specific content or undocumented ad-hoc quizzes.
10402	politische rechts links	Measurement instruments for ideological placement: left–right self-placement items, multi-item ideology scales, party positioning tools (manifesto coding manuals, expert survey instruments), and visual analog scales for ideological mapping.	Include standardized items and manuals used to measure left–right positioning (item wording for self-placement scales, CHES and Manifesto Project coding instructions, multi-dimensional ideology batteries). Instruments must provide response formats and coding conventions. Exclude informal or one-off items lacking documentation or tools that only infer ideology indirectly without explicit measurement procedures.
10407	politische kompetenz	Instruments to assess political competence: validated political knowledge question batteries, civic competence frameworks (ICCS, PISA civics), scoring rubrics for civic skills, vignette-based assessment tools and teacher/student questionnaires for competence evaluation.	Include well-documented instruments designed to measure political/civic competence, providing item wording, administration protocols and scoring rules (e.g., ICCS item banks, PISA civics instruments, political knowledge batteries used in election studies). Exclude ad-hoc quizzes without validation, or instruments that measure only peripheral skills not linked to civic competence.
10701	politische orientierung	Questionnaires, survey modules, coding schemes, and scales designed to measure political orientation, plus documentation for left–right placement items and index construction.	Relevant instruments include survey questionnaires and module templates including left–right self-placement items, partisan identification questions, ideological ladder items, and validated scales for measuring ideology. Include coding manuals and scoring algorithms for deriving orientation indices. Exclude instruments that do not capture individual political orientation (e.g., party program coding schemes without linkage to voter self-placement) and measurement tools focused exclusively on policy attitudes without orientation constructs.
2386	politische einstellung	Survey questionnaires, attitude batteries, validated scales, and coding guides for measuring political attitudes and indices.	Relevant instruments include standardized questionnaires and modules for measuring political attitudes (e.g., political trust batteries, democratic support scales, issue opinion items), methodological guides on scale validation and index construction, and translation/adaptation documentation. Exclude instruments unrelated to political opinion measurement (e.g., personality inventories unless explicitly linked to political attitude measurement).
565	politische partizipation	Survey instruments, turnout modules, civic engagement batteries, experimental protocols, and coding schemes designed to measure political participation and mobilization.	Relevant instruments include validated survey modules for measuring voting and non-voting participation, protest and petition items, civic engagement indices, field experiment protocols for mobilization, and tools for coding online participation. Include documentation on question wording, sampling, and measurement reliability. Exclude tools unrelated to measuring participation (e.g., institutional procedural manuals without behavioral measures).
6591	politische ideologien	Questionnaire modules, ideology scales, coding manuals for manifesto/text analysis, dictionaries for automated ideological content analysis, and validation studies.	Relevant instruments include validated scales for measuring ideological dimensions, survey items for ideological self-placement, coding schemes and manuals for party manifestos and speeches, and computational tools (dictionaries, supervised models) for detecting ideological content. Exclude instruments not designed to capture ideological content or those applicable only to non-political contexts.
8373	politische werte	Value inventories, survey modules, validated scales, and coding guides for measuring political and civic values, including translation/adaptation notes.	Relevant instruments include standardized question batteries for assessing political values (tolerance, democratic commitment, equality), psychometric validation studies, and coding manuals for constructing value scales. Include tools for cross-cultural harmonization of value measures. Exclude instruments that measure only personal or occupational values without political relevance.
8931	politische einstellung övp spö	Survey question wordings, interview modules, coding schemes, and experimental instruments designed to elicit attitudes toward ÖVP and SPÖ.	Include questionnaires, module items, standardized party-evaluation batteries, feeling-thermometer items, vignette texts, experimental manipulations, and coding manuals that explicitly ask about or code responses for ÖVP and SPÖ. Include translation notes where items are in German. Exclude instruments that do not target specific party evaluations or that only measure general political attitudes without party identification.
1112	politisches interesse	Survey question wordings, validated scales and modules used to measure political interest (e.g., ISSP modules, ESS items), and coding guides for interest measures.	Include standardized item wordings, multi-item scales and scoring instructions, module descriptions from large surveys (ISSP, ESS, Eurobarometer), and interviewer instructions for measuring political interest. Also include experimental prompts or diary instruments that assess attention to politics. Exclude tools that measure only knowledge, efficacy, or participation unless combined with explicit political interest items.
2630	politisches engagement	Question batteries, survey modules, validated participation scales, protest/event coding protocols, and measurement tools used to assess political engagement.	Include standard survey instruments (participation batteries in ESS, CSES, national election studies), coding schemes for protest involvement, diaries and online-activity trackers for digital engagement, and scoring instructions for participation indices. Also include experimental instruments aimed at mobilization. Exclude tools that measure organizational capacity without individual engagement items.
5784	politisches verhalten und politische einstellungen	Survey modules, question batteries, validated scales, experimental protocols, and coding manuals that measure both political attitudes and political behaviour and facilitate analysis of their relationship.	Include combined questionnaires (attitude batteries plus participation items), validated scales for ideology and efficacy, turnout measurement protocols (self-report vs validated), and experimental vignettes manipulating attitudes to observe behavioural intent. Also include longitudinal instrument designs that permit panel comparisons. Exclude instruments that capture only one domain (attitude or behaviour) without tools to link them at the respondent level.
5801	politisches interesse	Question wordings, validated scales, survey modules, and measurement protocols for assessing political interest and attention.	Include standardized items (from ISSP, ESS, national surveys), multi-item scales, interviewer instructions, diary or media-use instruments that record political attention, and experimental measures manipulating salience to measure changes in interest. Exclude instruments that only measure political knowledge, efficacy, or participation without direct items on interest.
5836	politisches wissen	Questionnaire modules, cognitive item batteries and tests used to measure political knowledge, and coding guides for scoring factual knowledge items.	Include validated political knowledge batteries, survey question wordings, interviewer instructions, answer keys, and methodological notes on question design (open vs. multiple-choice), item difficulty, and scoring. Exclude educational curricula, teaching guides without standardized measurement instruments, or tools that assess non-political factual knowledge only.
5843	populism	Measurement instruments and coding schemes for populism: survey scales (e.g., Populist Attitudes Scales), party coding manuals, and content-analysis protocols for identifying populist rhetoric.	Include validated scales and their questionnaires, translations, scoring rules, coding schemes for party classification, and manuals for coding speeches or media as populist. Exclude informal lists of populist parties without coding criteria, or journalistic lists of populist actors that lack a reproducible measurement instrument.
8657	populist attitudes	Validated survey scales and measurement tools for individual-level populist attitudes, coding guides, and translation notes (e.g., Populist Attitudes Scale and comparable instruments).	Include complete instrument texts, recommended items for each populism dimension, scoring instructions, psychometric evaluations, and cross-cultural adaptation notes. Exclude ad-hoc single items lacking validation or instruments that measure unrelated constructs (e.g., general political cynicism) without mapping to populist attitudes dimensions.
7892	psychisch gesundheit	Validated screening and diagnostic instruments for mental health assessment: self-report scales (PHQ-9, GAD-7, GHQ-12, WHO-5, CES-D), diagnostic interviews (CIDI, SCID), and recommended survey modules for population studies.	Include full questionnaires, scoring guidelines, cut-off values, translation/validation information for German contexts, and interviewer manuals for diagnostic interviews. Exclude non-validated checklists, lay screening apps without validation, or instruments focused only on physical health without mental health subscales.
6492	psychische krankheiten	Diagnostic instruments and clinical assessment tools for psychiatric disorders: structured interviews (CIDI, SCID, MINI), disorder-specific scales (MADRS, PANSS), and coding manuals for ICD/DSM diagnoses.	Include validated diagnostic interviews, clinician-rated and self-report disorder-specific scales, scoring rules, thresholds for caseness, and translation/validation materials for use in German-speaking populations. Exclude informal checklists, unvalidated symptom inventories, or tools designed solely for non-clinical wellbeing screening without diagnostic applicability.
7893	psychological needs	Validated instruments and assessment tools for measuring psychological needs and related constructs: questionnaires, interview guides, experimental manipulations, and coding schemes.	Include instruments such as the Basic Psychological Need Satisfaction and Frustration Scale (BPNSFS), Basic Psychological Needs Scale (BPNS), Need Satisfaction scales, vignettes or experimental protocols designed to manipulate autonomy/competence/relatedness, and structured interview guides for need assessment. Exclude ad hoc single-item mentions without validation, tools measuring only general well‑being without explicit need components, and physiological instruments with no linkage to psychological need measures.
34484	quality of health care	Measurement instruments and tools for assessing health care quality: standardized surveys, clinical audit tools, quality indicators/scorecards, accreditation standards and measurement protocols.	Include instruments such as HCAHPS (or national equivalents), WHO quality of care frameworks and tools, clinical audit checklists, patient safety incident reporting systems, Lean/Six Sigma protocols adapted for health care, and validated quality indicator sets. Exclude non-validated checklists or opinion-based tools with no documentation, and instruments that measure only cost or utilization without quality content.
6086	refugee	Assessment tools and instruments used with refugees: screening instruments for physical and mental health, trauma/PTSD scales, needs assessments, resettlement questionnaires, and cultural adaptation protocols.	Include tools validated or widely used with refugee populations such as the Harvard Trauma Questionnaire, Refugee Health Screener (RHS-15), PTSD Checklist (PCL), WHO-5/WHOQOL modules adapted for refugees, needs assessment templates, and translated structured interview guides. Exclude general population tools without evidence of suitability or adaptation for refugees, and administrative forms that only record registration without health or psychosocial content.
1156	religion	Measurement instruments for studying religion: questionnaires, validated religiosity scales, interview schedules, and coding schemes for religious content.	Include tools such as Religious Commitment Inventory, Duke University Religion Index (DUREL), Intrinsic/Extrinsic Religious Orientation scales, religion modules from EVS/WVS/ESS, structured interview guides on belief and practice, and coding frameworks for religious affiliation. Exclude ad hoc single-item mentions of religion without validated instrument context, and measures that conflate spirituality, secular values or political ideology without clear religious constructs.
35282	religion und weltanschauung	Instruments for measuring religion and worldviews: survey modules, scales and interview guides that distinguish religious belief/practice and secular/worldview positions, and coding schemes for life stance classification.	Include EVS/WVS/ESS modules that have religion and worldview items, bespoke questionnaires distinguishing worldview/life stance categories, validated scales for religiosity and secular orientation, and interview protocols for exploring personal weltanschauung. Exclude instruments that only measure religiosity without any option for non-religious worldviews, or philosophical inventories not adapted for empirical social research on life stances.
35290	religion und werte	Validated questionnaires, scales and measurement instruments assessing religiosity and value orientations, including German-language translations and modules used in large surveys.	Relevant instruments include validated scales and questionnaires for measuring religiosity (e.g. Centrality of Religiosity Scale, church attendance items), value inventories (e.g. Schwartz Value Survey, Portrait Values Questionnaire), moral values scales, and survey modules used in EVS/WVS with German versions. Include translation documentation, reliability/validity information, and administration guidelines. Exclude instruments that are purely theological liturgy tools, clinical diagnostic instruments unrelated to values, or unvalidated ad-hoc items without measurement information.
31054	schule	Assessment instruments, teacher questionnaires, school climate scales, and survey modules designed for school research and evaluations (including German versions).	Relevant instruments include standardized achievement tests, classroom observation protocols, teacher self-report scales, school climate instruments, student engagement and motivation questionnaires, and validated measurement tools used in PISA/TIMSS/PIRLS. Include administration manuals, scoring rules, and translated German instruments. Exclude instruments intended solely for higher education, clinical diagnostic tools not adapted to school settings, or informal checklists lacking validation.
33106	self esteem deutsch	Validated self-esteem instruments and measurement tools in German, including translations (Rosenberg Self-Esteem Scale German version), manuals, and psychometric documentation.	Relevant instruments include established self-esteem scales available in German (e.g. Rosenberg Self-Esteem Scale German translation, Multidimensional Self-Esteem Inventory adaptations, single-item measures where validated), administration instructions, scoring keys, and validation studies in German samples. Include psychometric properties and translation/back-translation documentation. Exclude unvalidated ad-hoc self-worth items, instruments in other languages without documented German translation, or clinical assessments not intended to measure general self-esteem.
3332	self determination	Measurement instruments and tools for assessing self-determination and SDT constructs (Basic Psychological Needs scales, Self-Regulation Questionnaires, autonomy-support measures) and their manuals or validation studies.	Relevant instruments include validated questionnaires for autonomy, competence, relatedness (e.g. Basic Psychological Need Satisfaction scales), General Causality Orientations Scale, Self-Regulation Questionnaires, and context-specific SDT measures (education, work, health). Include translations, psychometric evidence, administration and scoring guidelines. Exclude tools that measure unrelated legal or medical decision-making capacity without psychological autonomy/motivation content, and unvalidated ad-hoc items.
1259	sexuelle orientierung	Validated questionnaires and measurement modules for assessing sexual orientation, attraction, sexual behavior, minority stress, and related psychosocial constructs, including German-language instruments.	Relevant instruments include survey modules and scales for sexual identity labels, Kinsey-type attraction/behavior measures, the Lesbian, Gay, Bisexual Identity Scale adaptations, minority stress scales, and standardized health questionnaires that report outcomes by orientation, with German translations and validation where available. Include administration notes, ethical guidance for sensitive topics, and translation/back-translation documentation. Exclude clinical diagnostic tools unrelated to orientation, and unvalidated items lacking documentation on wording or ethical procedures for sensitive data collection.
4953	sinn der arbeit	Survey instruments, questionnaires, interview guides, and validated scales used to assess the meaning of work and related constructs.	Include instruments such as the Work and Meaning Inventory (WAMI), Meaningful Work Scale, Calling and Vocation questionnaires, interview protocols for exploring work purpose, and translated/adapted German versions. Include manuals, validation studies, administration instructions, and scoring keys. Exclude general job satisfaction questionnaires or organizational climate tools that lack items on meaningfulness; exclude productivity measurement tools not intended to assess subjective meaning.
1537	social media	Tools, software, coding schemes, and survey instruments designed to collect or analyze social media data, including APIs, scraping tools, content analysis codebooks, and validated questionnaires on social media use.	Include technical tools for harvesting and analyzing social media data (APIs, R/Python packages), codebooks for manual content analysis of social media posts, questionnaires measuring social media behavior or impacts, sentiment analysis models tailored to social platforms, and network analysis workflows for social media networks. Exclude general-purpose web tools not applied to social media contexts, and proprietary tools with no methodological documentation.
37900	social media survey	Survey instruments, questionnaires, modules, and methodological guides tailored for surveying social media use and attitudes.	Include full questionnaires and modules measuring social media behavior (question wording, response categories), interviewer instructions for social media items, survey experiments on question wording for social media, and best-practice documentation for linking surveys to social media traces. Also include validated scales specific to social media research (e.g., scales for social media addiction, privacy concern). Exclude generic media use modules that do not differentiate social media platforms or lack methodological detail.
37915	social media nutzung	Survey modules, questionnaires, coding schemes, and tools designed to measure social media use (Nutzung), including German-language instruments and cross-national modules.	Include validated questionnaire modules with item wording and response categories in German or translated versions that measure social media usage patterns and motives, as well as guidelines for administering social media usage items, diary tools for recording use, and tools for linking self-reports to digital trace data. Exclude generic internet-use instruments lacking social media specificity and technical scraping tools without user-focused measurement guidance.
5535	social presence	Measurement instruments, validated scales, questionnaire modules, and experimental protocols for assessing or manipulating social presence in mediated environments.	Include full instruments and administration guides for social presence scales, coding manuals, experimental protocols for inducing social presence (e.g., avatar cues, video vs. text), and software tools that implement presence manipulations. Include psychometric validation reports and translation/adaptation documents. Exclude measurement tools unrelated to social presence (e.g., general usability tests) or tools that measure only technical connectivity without subjective presence assessment.
38133	sozial	Questionnaires, scales, coding manuals, and tools used to measure social phenomena (e.g., social attitudes scales, social capital instruments, survey modules on social policy) and software/methods for social-science analysis.	Include validated questionnaires, survey modules, coding schemes, measurement protocols, and methodological guides explicitly designed to assess social constructs (e.g., social support scales, social capital indices, social policy evaluation instruments) and analytic tools commonly used in social research. Exclude instruments whose use of 'social' is nominal or administrative only, and exclude technical tools unrelated to measuring social phenomena.
5132	sozial kompetenz	Measurement instruments and tools for assessing social competence: standardized questionnaires, observational coding manuals, teacher/parent rating scales, intervention manuals, and assessment batteries.	Include validated instruments (e.g., Social Skills Rating System, SSRS; Social Competence Inventory; SDQ subscales when used for social skills), coding protocols for social interactions, program manuals for social-skills training, and psychometric documentation. Include tools for scoring and interpreting social competence measures. Exclude generic personality inventories or competence instruments that do not assess interpersonal/social domains unless a specific subscale measures social competence.
1101	soziale ungleichheit	Measurement tools and methods for inequality research: survey modules, coding schemes for SES, wealth indexing methods, poverty measurement guidelines, decomposition techniques, and software packages for inequality analysis.	Include instruments such as standardized income/consumption questionnaires, occupational coding manuals (ISCO, EGP), wealth imputation protocols, poverty and deprivation indices, analytic guides on inequality measures and decomposition, and software tools (e.g., Stata/R packages) for computing inequality statistics. Exclude tools that do not pertain to social or economic distributional analysis.
1706	soziale schicht	Instruments and tools for measuring and analysing social class: occupational coding manuals, class schema conversion tools, social status scales, mobility tables, and methodology guides for class assignment.	Include coding manuals (ISCO, national occupational codes), conversion tables to class schemes (EGP, NS-SEC), guides for constructing class variables, status/prestige scales (e.g., SIOPS), and software or scripts for assigning class categories and analysing mobility. Exclude tools unrelated to social-stratification measurement.
2521	soziale netzwerke	Instruments, questionnaires, and software for measuring and analysing social networks: name-generator modules, roster-based network instruments, coding manuals, SNA software (e.g., UCINET, Gephi, igraph), and methodological guides for network data collection and analysis.	Include validated network survey instruments (name generators, interpreters), protocols for observational/social-sensing data collection, documentation for coding ties, tutorials and software packages for network analysis, and methodological literature on network inference and visualization. Exclude general survey instruments that do not include relational modules and tools focused solely on non-social network technologies.
2589	soziale kontakte	Validated instruments and tools for measuring social contacts and networks (e.g., contact diaries, name-generator/name-interpreter questionnaires, Lubben Social Network Scale, Berkman–Syme Social Network Index, network analysis software/tools).	Include paper/electronic contact-diary protocols, structured social network questionnaires (egocentric and sociometric), standardized scales addressing network size/support, and methodological guides for collecting/processing contact data. Include validation studies and translations. Exclude instruments unrelated to interpersonal contacts (e.g., general survey modules without contact measures).
3856	soziale interaktion	Tools and instruments for studying social interaction: observational coding schemes, conversation-analysis frameworks, behavioral coding manuals, sensor/toolkits (Bluetooth proximity, sociometric badges), video annotation software, and validated interaction scales.	Include standardized coding schemes and manuals, instruments for measuring nonverbal and verbal interaction (e.g., Roter Interaction Analysis System, conversation-analysis methods), software for annotation and sequence analysis (e.g., ELAN, NVivo, BORIS), and details about sensor devices and preprocessing pipelines. Exclude general survey instruments not designed to capture moment-to-moment interaction.
39837	soziale validität beruf	Instruments and tools for assessing social validity in vocational and workplace contexts: social validity scales, acceptability questionnaires, qualitative interview guides, stakeholder feedback protocols and program-fidelity checklists adapted for employment interventions.	Include validated social validity measures and structured interview guides used in vocational rehabilitation and workplace intervention research, instruments for measuring feasibility/acceptability, and templates for stakeholder evaluation. Include translations and context-specific adaptations. Exclude clinical psychometric instruments that do not assess social relevance/acceptability.
40249	soziale herkunft	Classification schemes and tools for measuring social origin: occupational classifications (ISCO, EGP), status indices (ISEI, SIOPS), education classification systems (ISCED, CASMIN), and survey modules for childhood background.	Include manuals and coding schemes for occupation-to-status conversion, education classification crosswalks, questionnaire modules for collecting parental background, and tools to construct composite social origin indices. Include guidance on harmonizing parental indicators across waves/countries. Exclude tools unrelated to measuring family background (e.g., adult job-satisfaction scales).
4034	soziale ungleichheit	Analytical tools and instruments for inequality research: measures and indices (Gini, Theil, Atkinson), decomposition methods, poverty measurement tools, inequality decomposition software, and survey modules commonly used to measure income/wealth/consumption.	Include methodological manuals and software implementations for inequality metrics, decomposition techniques (Oaxaca, Shapley), poverty measurement toolkits, and harmonization guides for cross-national comparison. Also include survey instruments for collecting income, consumption and wealth data. Exclude tools focused on unrelated statistical domains without application to distributional analysis.
40514	soziale kompetenz	Measurement instruments, scales and coding protocols used to assess social competence: standardized questionnaires (e.g., Social Skills Rating System, Social Skills Inventory, Interpersonal Competence Questionnaire, Strengths and Difficulties Questionnaire subscales where applicable), observational coding schemes (e.g., peer interaction coding), structured interviews, vignettes and intervention manuals designed to measure or train social competence.	Relevant: validated psychometric instruments, observational coding schemes, structured interview guides, training/intervention manuals and questionnaires that are intended to assess or change social competence. Include instrument documentation, scoring keys and reliability/validity information. Not relevant: generic personality inventories without clear social-competence subscales, instruments that assess organizational competencies, or tools that only measure unrelated constructs (e.g., academic skills) unless they include explicit social competence modules.
40674	soziale arbeit	Assessment tools, screening instruments, practice manuals and software used in social work: risk assessment tools, needs assessment instruments, standardized outcome measures (e.g., Outcome Rating Scale, HoNOS where used in social care), case management systems, intervention manuals, supervision tools and professional competency frameworks for social workers.	Relevant: validated screening/assessment instruments, intervention manuals, measurement scales and software platforms used specifically in social work settings or evaluated for social work practice. Include documentation, scoring guides and implementation protocols. Not relevant: general healthcare instruments unrelated to social care, or managerial software unrelated to client-facing social work activities.
41348	soziale medien nutzung	Measurement instruments and tools for assessing social media use: questionnaires and scales (e.g., Social Media Use Integration Scale, Bergen Social Media Addiction Scale variants, bespoke usage questionnaires), passive data collection tools (screen-time apps, browser/mobile logging scripts), API extraction tools, content-coding schemes and protocols for classifying user activities.	Relevant: validated scales, survey items and passive-tracking tools designed to measure social media usage and related behaviors, plus coding manuals for content and engagement classification and scripts for ethical API data collection. Not relevant: generic internet-use instruments without social media specificity, or developer-focused platform tools that do not collect user-behavior data.
41495	soziale medien	Tools and instruments for social media research: data collection tools (APIs, scraping frameworks), annotation platforms, coding schemes for content analysis, sentiment and topic modeling pipelines, network analysis software and ethical/consent protocols and guidelines for social media research.	Relevant: documented software, scripts, methodological protocols and coding manuals used to collect, preprocess, annotate and analyze social media data, including ethical guidelines. Not relevant: undocumented scraping code without reproducible methods, corporate proprietary analytic tools not intended for academic research, or instruments unrelated to social media content/interaction analysis.
41546	soziale netzwerke	SNA instruments and tools: survey name-generator and roster instruments for eliciting ties, observational protocols for recording interactions, software and libraries for network analysis and visualization (e.g., UCINET, Gephi, igraph, NetworkX), statistical packages for ERGM/SAOM/temporal models and guideline documents for network data collection and anonymization.	Relevant: validated network elicitation instruments (name-generator questionnaires), coding protocols for interaction observation, and documented software/tools/methods for network construction, analysis and visualization, including privacy/anonymization best practices. Not relevant: generic graph-theory tools intended for non-social networks (e.g., electrical or computer networks) without adaptation to social-science data collection or interpretation.
41646	soziale mobilität	Coding schemes and tools used to measure and analyse social mobility: occupational classification systems (ISCO, ISCO-08, ISEI, EGP), mobility matrices, statistical scripts/packages for mobility analysis, survey modules on social origin.	Include instruments that support consistent measurement of origin and destination (standard occupational classifications, socio‑economic index conversions, questionnaires capturing parental background), as well as analysis tools (R/SPSS/Stata routines for constructing mobility tables and mobility indices). Exclude measurement instruments unrelated to social/occupational status (e.g. physical mobility trackers).
5263	soziale herkunft	Survey modules, question items and coding schemes for measuring social origin (retrospective childhood modules, parental occupation/education items, SES composite indices) and conversion tools for standard class/SES measures.	Include validated questionnaire items and modules used to elicit parental education/occupation, household conditions in childhood, and cultural capital (e.g. number of books), as well as tools to map occupations to standard classifications (ISCO, ISEI, EGP) to derive SES measures. Exclude instruments that measure only adult SES without retrospective or parental information.
40086	sozio politische einstellungen	Standardized questionnaire modules, validated scales and coding schemes used to measure political attitudes and values (ESS political items, CSES modules, party identification questions, trust scales).	Include survey instruments and batteries commonly used in public opinion research (e.g. ESS questionnaire modules, CSES items, Likert scales for trust and policy positions), plus codebooks and harmonization tools for cross‑national comparison. Exclude instruments that do not capture political attitudes or that only measure unrelated social traits.
2741	sport	Measurement instruments and tools for sport and physical activity: standardized questionnaires (IPAQ, Global Physical Activity Questionnaire), sport participation modules, accelerometers and activity trackers, fitness tests and codebooks for sport survey modules.	Include validated self‑report instruments (IPAQ, GPAQ), device-based measurement protocols (accelerometer wear protocols), and survey modules used in major health and sport surveys. Also include coding manuals for classifying sport types and intensity. Exclude recreational activity measures that are not about sport or physical activity unless integrated into broader activity instruments.
37003	stress lehrer	Validated instruments and survey modules for assessing teacher stress and burnout: Maslach Burnout Inventory (MBI), Perceived Stress Scale (PSS), Teacher Stress Inventory (TSI), COPSOQ, TALIS teacher questionnaire items and related occupational health tools.	Include standardized scales and questionnaire modules commonly used to measure teacher stress and psychosocial working conditions, as well as protocols for occupational health assessments in schools. Also include intervention tools and evaluation instruments designed for teacher well‑being. Exclude general stress instruments without occupational adaptation unless applied specifically to teacher samples.
37018	stress pflege	Validated questionnaires and assessment tools commonly used to measure stress, burnout, workload and coping in nursing contexts, plus organizational assessment instruments and intervention materials targeting nurse stress.	Include: Perceived Stress Scale (PSS), Nursing Stress Scale (NSS), Maslach Burnout Inventory (MBI), Copenhagen Psychosocial Questionnaire (COPSOQ), effort‑reward imbalance (ERI) measures, Job Content Questionnaire (JCQ), sleep and fatigue scales, Brief COPE and other coping inventories used in nursing samples, observational checklists for workload/acuity, stress‑reduction program manuals (mindfulness, resilience training) evaluated in nursing. Exclude: instruments that are not validated for occupational or nursing contexts or instruments solely for clinical diagnosis not used to assess occupational stress.
37020	stress und arbeitnehmer	Standardized instruments for assessing job stressors and employee stress outcomes and organizational assessment tools used in occupational health and BGM contexts.	Include: Job Content Questionnaire (JCQ), Effort‑Reward Imbalance (ERI) questionnaire, Copenhagen Psychosocial Questionnaire (COPSOQ), Perceived Stress Scale (PSS), Maslach Burnout Inventory (MBI), HSE Management Standards Indicator Tool, instruments measuring absenteeism/presenteeism (e.g., WHO‑HPQ), and workplace survey toolkits used in occupational health research. Exclude: clinical instruments unrelated to occupational functioning or tools lacking validation for work settings.
37039	stress und coping	Validated coping inventories and stress appraisal tools commonly used to assess coping processes, plus intervention manuals for coping skills training and diaries/EMA tools.	Include: COPE Inventory and Brief COPE, Ways of Coping Questionnaire, Coping Orientation to Problems Experienced, Response to Stress Questionnaire (RSQ), Perceived Stress Scale (PSS) for appraisal, measures of emotion regulation (e.g., ERQ), standardized diary/EMA protocols for momentary coping assessment, and manuals for cognitive‑behavioral or mindfulness‑based coping interventions. Exclude: ad‑hoc single‑item measures or instruments not validated for assessing coping strategies.
37044	stress und burnout	Validated instruments to measure stress and burnout and intervention materials targeting stress reduction and burnout prevention/rehabilitation.	Include: Maslach Burnout Inventory (MBI), Copenhagen Burnout Inventory (CBI), Oldenburg Burnout Inventory (OLBI), Perceived Stress Scale (PSS), COPSOQ, job stress instruments (JCQ, ERI), measures of sleep/fatigue, and manuals for workplace interventions (CBT, resilience training, organizational interventions) aimed at reducing stress and burnout. Exclude: burnout measures not validated or studies using informal/unstandardized burnout proxies without psychometric support.
37048	stress und bgm	Assessment tools, survey instruments and program materials used in BGM to assess and intervene on stress and psychosocial working conditions.	Include: organizational assessment tools (COPSOQ for workplace psychosocial risks, HSE Management Standards Indicator Tool, ERI/JCQ adaptations for organizational surveys), screening tools for employee stress/burnout (PSS, MBI, CBI), program manuals and intervention toolkits for workplace stress management, process evaluation toolkits, and economic evaluation templates used in BGM. Exclude: clinical therapeutic tools not adapted for workplace program delivery or tools lacking relevance for organizational health management.
37090	stress arbeitsplatz	Validated questionnaires, scales, and assessment tools used to measure workplace stress and psychosocial work environment (e.g., COPSOQ, JCQ, ERI, MBI, PSS).	Include instruments and protocols for assessing job demands-control-support (Job Content Questionnaire, Karasek), Effort-Reward Imbalance questionnaire, Copenhagen Psychosocial Questionnaire (COPSOQ), Maslach Burnout Inventory (MBI), Perceived Stress Scale (PSS) when applied to work context, organizational climate surveys, work design checklists, interview guides, and workplace risk assessment tools. Also include translation/adaptation studies and technical documentation. Exclude instruments unrelated to psychosocial workplace measurement or those solely biomedical without workplace linkage.
37104	stress am arbeitsplatz	Tools for assessing workplace-specific stressors and outcomes, including workplace surveys, psychosocial risk assessment tools, and validated scales adapted for workplace phrasing.	Include instruments explicitly used to measure 'stress at the workplace' such as workplace versions/translations of COPSOQ, Job Content Questionnaire, Effort-Reward Imbalance, MBI for occupational burnout, the Work Ability Index, company psychosocial risk assessment protocols, and intervention toolkits. Include user manuals, validation studies, and translated/adapted versions for German workplaces. Exclude tools that measure stress only in non-work contexts.
4160	stress	Validated instruments for measuring stress and related constructs (PSS, life-events checklists, Trier Social Stress Test protocols, biomarker sampling protocols), along with coding schemes and manuals.	Include psychometric scales (Perceived Stress Scale, Holmes-Rahe Life Events Scale), structured interview guides, experimental stress induction protocols (e.g., Trier Social Stress Test), biomarker collection and assay protocols for cortisol and other stress hormones, and standardized coping/support measures. Include documentation, validation studies, and translations. Exclude instruments irrelevant to human stress measurement or focused on non-social science domains.
36787	sustainability	Surveys, scales, and measurement tools for sustainability-related constructs (NEP scale, environmental behavior inventories, corporate sustainability assessment tools, SDG indicator toolkits).	Include validated questionnaires for environmental attitudes (New Ecological Paradigm), behavioral inventories, household energy use survey modules, corporate sustainability reporting standards and assessment instruments, measurement protocols for sustainable consumption studies, and toolkits for operationalizing SDG indicators in social research. Also include manuals and validation studies. Exclude technical measurement tools unrelated to social-science assessment of sustainability.
729	trust	Survey questions, validated scales, and experimental protocols used to measure trust (e.g., standard WVS/ESS trust items, Rotter Interpersonal Trust Scale, trust game designs).	Include widely used survey items (WVS/ESS/ISSP trust questions), psychometric trust scales (Rotter, Yamagishi), instruments for measuring institutional trust, experimental trust-game protocols and coding schemes, and manuals documenting administration and validation. Also include translated/adapted versions and methodological studies on measurement equivalence. Exclude technical security/trust models without social-science measurement focus.
24652	umweltbewusstsein in deutschland	Validated survey instruments, question batteries, scales and measurement protocols used to assess environmental awareness, attitudes and behaviour in German contexts.	Include German versions and translations of established scales (e.g. New Ecological Paradigm (NEP) scale German adaptation), ISSP/Eurobarometer/ESS question modules on environment, environmental knowledge tests, survey question batteries, coding manuals for constructing composite indices of environmental awareness, and interviewer guidelines used in German surveys. Exclude technical environmental measurement tools (lab or sensor protocols) and instruments not intended to measure human attitudes or behaviour.
24946	umweltschutz	Evaluation frameworks, survey modules, indices and measurement tools used to assess environmental protection policies, programs and public support.	Include policy evaluation frameworks, environmental performance indices (EPI, national equivalents), survey question batteries on support for protection measures, instruments for measuring conservation behaviour, NGO monitoring tools, and manuals for counting/assessing protected areas. Exclude laboratory or field instruments used exclusively for ecological sampling or environmental chemistry that do not assess protection policy or social responses.
23986	ungleichheit	Methods, indices, survey modules and computational tools used to measure and analyze inequality and social stratification.	Include descriptions of equivalence scales (OECD), measurement and decomposition methods (Gini, Theil, Atkinson, quantile regression), survey question modules for income and wealth collection, coding schemes for occupation/class (ISCO, EGP), instruments for measuring social mobility, and software codebooks or scripts commonly used for inequality analysis. Exclude tools unrelated to distributional measurement (e.g. laboratory instruments).
23829	unkonventionelle politische partizipation	Question batteries, scales, coding manuals and event‑coding protocols used to measure or classify unconventional political participation.	Include survey question wordings for protest and petition items, validated scales for political activism, coding schemes for event data (protest event coding protocols), instrument guides for collecting online activism data, and interviewer instructions for sensitive political behaviour questions. Exclude instruments that only measure conventional political behaviour (voting intention modules) or technical tools unrelated to measuring political participation.
3311	verantwortung für umweltprobleme	Survey question batteries, vignette instruments, experimental protocols and coding schemes designed to measure attribution of responsibility and related normative attitudes about environmental problems.	Include validated question wordings and vignettes used to elicit responsibility attributions (e.g. forced‑choice responsibility items, Likert scales for perceived actor responsibility), experimental designs manipulating responsibility framing, coding manuals for classifying open‑ended responsibility attributions, and instruments that measure moral norms and willingness to act. Exclude ecological measurement tools and technical instruments unrelated to measuring social attributions of responsibility.
1719	vertrauen	Validated instruments and methods for measuring trust (vertrauen): questionnaires, psychometric scales, experimental paradigms and coding schemes used to assess trust.	Include established scales and instruments such as the General Social Survey/WVS single trust item, Rotter Interpersonal Trust Scale, Yamagishi General Trust Scale, institutional trust batteries used in ESS/WVS, and experimental tools such as the Trust Game (binary and continuous versions) and repeated‑trust paradigms. Also include validated multi‑item scales for dimensions of trust (competence/benevolence/integrity) and translation/adaptation documentation for German 'vertrauen' measures. Exclude ad hoc or single‑item measures with no documentation, instruments aimed at legal/financial trust instruments, and tools unrelated to measuring social or institutional trust.
25598	vertrauen in technologie	Instruments and experimental tools for measuring trust in technology: validated questionnaires, trust in automation scales and behavioral paradigms tailored to human–technology interaction.	Include established instruments such as Jian, Bisantz & Drury's Trust in Automation scale, the Human–Robot Interaction trust questionnaires, McKnight et al.'s online trust scales adapted for technology, trust calibration protocols, and behavioral paradigms (trust game variants adapted for automation, reliance/override tasks, simulated driving trust tasks). Also include usability testing protocols and measurement instruments capturing perceived competence, benevolence and integrity of technical systems. Exclude instruments that measure only technology acceptance (TAM) unless accompanied by validated trust subscales, and tools that do not produce trust‑related metrics.
25616	vertrauen in politik	Measurement instruments and tools for political trust: survey items, validated political trust scales, experimental vignettes and coding schemes used to assess trust in political actors and institutions.	Include standard survey items used in ESS/Eurobarometer/WVS for political trust, multi‑item trust batteries for institutions, validated questionnaires measuring trust and legitimacy, vignette experiments manipulating governmental performance, and coding manuals for qualitative assessment of trust in political texts. Also include psychometric evaluations and translations into German. Exclude instruments that only measure political knowledge or partisanship without trust constructs, and tools aimed solely at civic education rather than measurement.
185	work life balance	Instruments and tools for assessing work–life balance: validated questionnaires, time‑use diaries, survey modules and evaluation tools for workplace policies.	Include validated scales such as the Work–Family Conflict Scale (Netemeyer et al.), Work–Family Enrichment measures, time‑use diary protocols, standardized survey modules used in Eurofound or national labour surveys, and evaluation instruments for flexible working interventions. Also include software/code for analyzing time‑use data and protocols for qualitative interviews about work–life balance. Exclude informal single‑item measures without validation unless well documented, and HR administrative tools that do not measure employee perceptions or time allocation.
30368	work	Instruments and tools for measuring work and employment: survey modules, occupational classification systems, job quality indices, time‑use instruments and experimental/qualitative protocols.	Include standardized instruments like labour force survey questionnaires, ISCO occupation coding manuals, job content questionnaires (Karasek Job Content Questionnaire), OECD job quality indices, time‑use diary methodologies, employer survey instruments, and qualitative interview guides for workplaces. Also include tools for wage and occupational coding and software for analysing employment trajectories. Exclude instruments that measure unrelated constructs (e.g., purely technical productivity metrics without work context) or proprietary HR tools without methodological documentation.
557	work family conflict	Validated instruments and measurement tools for assessing work–family conflict and related constructs, plus methods for data collection (diaries, scales).	Relevant instruments: established WFC/FWC scales such as Netemeyer et al. (1996) work–family conflict scale, Carlson et al. (2000) multidimensional WFC scale (time/strain/behavior and directions), Frone’s measures, Greenhaus & Beutell (1985) conceptual measures; time-use diaries capturing overlapping demands; validated translations/adaptations for different languages/countries. Include psychometric validation reports and scoring instructions. Exclude: general stress or wellbeing scales that do not contain items assessing inter-role conflict, and ad-hoc single items without demonstrated validity for WFC unless clearly labeled as WFC measures.
6171	work life conflict	Measurement instruments, scales, and data-collection methods for assessing work–life conflict and related constructs (e.g., boundary management).	Relevant instruments: validated work–life conflict scales (adaptations of Netemeyer, Carlson, Greenhaus & Beutell), boundary management questionnaires, telework and flexible work arrangement modules, time-use diaries and ecological momentary assessment tools capturing work–nonwork interference. Include tool validation studies and translated versions. Exclude: instruments that only assess positive work–life enrichment without items on conflict unless combined with conflict measures.
29207	zufriedenheit ausbildung	Survey instruments and evaluation tools designed to measure trainee/apprentice satisfaction and training quality in vocational and apprenticeship settings.	Relevant instruments: validated trainee satisfaction questionnaires used in vocational education research and program evaluations, standardized training evaluation modules (institutional surveys, BIBB instruments), items/scales measuring supervisor support and learning opportunities in training, interview guides for qualitative evaluations. Include psychometric documentation and translations for German contexts. Exclude: generic satisfaction scales designed for the workplace that do not assess training-specific aspects unless adapted for apprenticeship contexts.
29421	zufriedenheit	Validated instruments and survey items for assessing life and domain-specific satisfaction and methods for experience sampling of satisfaction.	Relevant instruments: Satisfaction With Life Scale (Diener), single-item life satisfaction measures used in ESS/Eurobarometer/WVS, standardized job satisfaction items, domain-specific satisfaction scales, experience sampling and day reconstruction methods. Include validation studies, translations, and scoring guidance. Exclude: instruments that measure only affect or clinical symptomatology without assessing evaluative satisfaction.
6678	zufriedenheit und belastung	Validated scales and measurement tools for assessing satisfaction and burden/strain (stress, burnout, caregiver burden) and combined survey modules.	Relevant instruments: Satisfaction scales (SWLS, job satisfaction items) together with Perceived Stress Scale (PSS), Maslach Burnout Inventory (MBI), Copenhagen Burnout Inventory (CBI), Zarit Burden Interview (caregiver burden), workload and demand subscales; combined questionnaires and survey modules validated for assessing both constructs. Include psychometric documentation and recommended scoring procedures. Exclude: instruments that measure only objective workload or clinical diagnosis without validated subjective burden or satisfaction items.
