qid	query	research_desc	research_narr
21958	meinung zu flüchtlingen	Survey and observational datasets containing measures of opinions, attitudes or behavioral intentions regarding refugees and asylum seekers (national or comparative public opinion surveys, panel data, targeted refugee attitude modules).	Include datasets that contain items or scales measuring attitudes toward refugees/asylum seekers (e.g., willingness to accept refugees, perceived cultural/economic threat, policy preferences, social distance), contact with refugees, or modules on migration where refugee-specific items are present. Include cross-sectional and longitudinal survey data (national polls, ESS, Eurobarometer, SOEP modules, specialised refugee attitude surveys). Exclude datasets that do not contain any refugee-specific attitude items or only administrative records about asylum applications without attitudinal measures.
478	allgemeine lebenszufriedenheit	Datasets containing measures of general life satisfaction or global subjective well‑being (single items or multi‑item scales) from national, cross‑national and panel surveys.	Include datasets that provide the standard global life satisfaction items (e.g., 'All things considered, how satisfied are you with your life as a whole?') or validated scales (e.g., SWLS), with accompanying sociodemographic and contextual variables for analysis. Typical sources include SOEP, ESS, WVS, Eurobarometer, and other national surveys. Exclude datasets that only contain domain‑specific satisfaction measures without any global life satisfaction item.
52564	allgemeine selbstwirksamkeit	Datasets that include measures of general self‑efficacy (e.g., GSES items or equivalent scales) collected in surveys, panels or intervention studies.	Include datasets with item‑level or scale scores for general self‑efficacy, longitudinal data tracking change in self‑efficacy, and trials that measure pre/post general self‑efficacy. Provide documentation on scale items and scoring. Exclude datasets containing only domain‑specific self‑efficacy measures without a general self‑efficacy instrument.
3147	antisemitismus	Datasets containing items or modules that measure antisemitic attitudes, beliefs, incident records or complaint datasets documenting antisemitic events.	Include survey data with antisemitism items (stereotypes, social distance, Holocaust denial, conspiracy beliefs), incident databases (police/NGO records of antisemitic crimes), and longitudinal surveys tracking antisemitic attitudes. Include datasets with contextual variables enabling analysis (region, demographics, media exposure). Exclude datasets lacking any antisemitism‑specific measures or those limited to unrelated forms of prejudice without antisemitic indicators.
3278	arbeit und beschäftigung	Datasets with labour market and employment information: household and labour force surveys, administrative employment records, panel data and employer surveys.	Include datasets containing employment status, occupation and industry codes, hours worked, contract type, earnings/wages, unemployment spells, job search behaviour, and employer-level variables. Typical sources: labor force surveys, SOEP, microcensus, IAB, administrative unemployment records. Exclude datasets without employment-related variables or those purely focused on education without employment linkage.
3284	arbeit belastung	Survey datasets, cohort studies and administrative data that measure work-related stressors, workload, exposures to physical/psychosocial hazards, and related health or absence outcomes.	Include datasets containing measures of job demands, job control, effort-reward imbalance, working hours, shift work, ergonomic exposures, sickness absence, mental health indicators, and biomarkers linked to occupational burden. Include longitudinal employer or workforce panels, occupational health surveillance, and national working conditions surveys that enable analysis of exposure-outcome relationships. Exclude datasets that do not contain workplace-specific exposure or outcome variables (e.g. general population health datasets without occupational information) or datasets focused exclusively on non-occupational stressors.
55053	arbeit zufriedenheit	Datasets and surveys containing measures of job satisfaction and related employee attitude variables across occupations, sectors, and time.	Include workplace surveys, employee panels, national labour force or working conditions surveys, and longitudinal studies that include single-item or multi-item job satisfaction measures and related covariates (e.g. pay, autonomy, working hours). Include employer-level datasets that record employee engagement or satisfaction metrics. Exclude datasets lacking explicit job satisfaction indicators or those focused on non-employee populations.
55082	arbeit und betrieb	Enterprise- and establishment-level datasets capturing workplace practices, employment structure, working conditions, and company-level outcomes.	Include establishment surveys, employer panels, workplace audits, HR administrative records, and matched employer-employee datasets that record management practices, working hours, shift organization, collective bargaining coverage, occupational health interventions, and productivity measures. Include datasets enabling analysis at the firm or plant level. Exclude individual-level surveys without linkage to establishment identifiers or datasets that only report macroeconomic aggregates.
55098	arbeit und leben	Datasets measuring time allocation, work–family conflict, caregiving responsibilities, flexible work arrangements, and related outcomes such as well‑being and family functioning.	Include time-use surveys, family and household panels, working conditions surveys with work–life modules, employer datasets on flexible work usage, and longitudinal studies tracking work and family outcomes. Include data capturing childcare arrangements, unpaid caregiving, commuting time, telework frequency, and leave uptake. Exclude datasets lacking indicators that link employment arrangements to family or private life domains.
55428	arbeit	General labour and employment datasets such as labour force surveys, panel studies, occupational statistics, and working conditions surveys that provide data on employment and work characteristics.	Include national and international labour force surveys, panel datasets (e.g. labor panels), occupational classifications, employer-employee linked datasets, administrative employment records, and working conditions or occupational health datasets that capture employment status, occupation, industry, wages, and working hours. Exclude datasets without employment-related variables or those focused solely on non-labor domains.
55638	arbeit im wandel	Datasets and data collections that capture changes in work and employment over time, including longitudinal panel surveys, repeated cross-sections and registries relevant to occupational transformation.	Relevant data: longitudinal panel datasets (e.g. national panels), repeated cross-sectional surveys and time-series that measure employment patterns, job tasks, telework, skill requirements, contract types, occupational mobility, and firm-level restructuring; administrative registers on employment, industry/occupation matrices, and cross-national surveys tracking work conditions over time (e.g. EWCS, SOEP). Include documentation, codebooks and harmonised time-series. Exclude: datasets that only contain unrelated demographic data without variables on work change, single-company datasets with no information about structural change, or raw technical datasets about equipment with no labor-focus.
55684	arbeit und beruf	Datasets containing information on occupations, job histories, career development and vocational training suitable for research on work and professions.	Relevant data: labour force surveys, occupation-coded microdata (with ISCO or national coding), employment registries, career history panels, vocational training modules, employer surveys capturing occupational structure, and harmonised cross-national datasets. Include metadata and codebooks that enable occupational analysis. Exclude: datasets lacking occupational or job-related variables, or datasets focused exclusively on non-work domains (e.g. purely health or housing surveys) unless they include substantive job information.
55689	arbeit und arbeitszufriedenheit	Datasets containing measures of job or work satisfaction and related work-context variables suitable for analysis of determinants and outcomes of job satisfaction.	Relevant data: surveys and panels that include job satisfaction items (e.g. single-item or multi-item scales), workplace surveys, longitudinal datasets tracking satisfaction over time (SOEP, EWCS, ESS modules where applicable), and employer surveys with employee well‑being measures. Include data documentation and scales. Exclude: datasets lacking any job satisfaction or workplace-wellbeing indicators.
55130	arbeitsbedingungen	Datasets that measure various dimensions of working conditions, such as physical exposures, psychosocial factors, schedules, and contract types.	Relevant data: workplace and employee surveys (e.g. European Working Conditions Survey), occupational health surveillance data, employer records on work schedules and hazards, panel data with work-condition modules, and administrative inspections data. Include variable documentation, exposure metrics and health outcome linkages. Exclude: datasets without items on work environment, exposures or contractual/temporal conditions.
3125	arbeitslosigkeit	Datasets and administrative registers containing unemployment measures, spells, benefit receipt and job-search behaviour for analysis of labour-market non-employment.	Relevant data: labour force surveys with unemployment modules, panel datasets recording employment spells and transitions, unemployment registers and administrative benefit records, job-search surveys and youth transition studies. Include documentation on unemployment definitions, spell start/end dates and linkage to demographic and health data. Exclude: datasets without clear unemployment indicators or that only capture informal non-employment without unemployment measures.
57703	arbeitsweg	Datasets and surveys containing commute-specific measures: travel time, distance, mode, frequency, route, departure/arrival times, and commute-related exposures (noise, pollution).	Include travel and mobility surveys, time-use surveys with commute modules, household travel surveys, employer travel plans, GPS/transport sensor datasets, national transport or labour force surveys with commute variables, and longitudinal datasets that track changes in commuting. Exclude datasets lacking explicit measures identifying journeys to/from work (e.g., only general mobility without purpose) or datasets that only record workplace location without travel measures.
3474	arbeitszeit	Datasets and registers that record working-time information: employment surveys, time-use studies, payroll records, employer scheduling data, and longitudinal labour market datasets.	Include national labour force surveys, enterprise payroll/administrative time records, working-time modules in social surveys (e.g., EWCS), time-use diaries capturing paid work episodes, and longitudinal panels measuring changes in hours or schedules. Prefer datasets with both contractual and actual hours, plus shift/roster indicators. Exclude datasets that lack explicit working-time measures or only contain aggregated employment counts without hours or schedule detail.
57292	ausländer	Datasets with migration-related variables: population registers, migration surveys, labour force surveys with country-of-birth or citizenship variables, asylum registers, and longitudinal migration panels.	Include administrative population registers that record nationality, country of birth and residency status, specialized migration and integration surveys, household surveys with migration modules, labour market datasets that allow comparison by migration status, and health surveys with migrant identifiers. Exclude datasets lacking any marker of migration/foreign origin or those that only capture temporary visitors/tourists without immigrant status.
4629	belastung von arbeit	Datasets capturing job demands and work-related burdens: occupational health surveys, workplace assessments, longitudinal panels with psychosocial measures, and administrative sickness/absence records.	Include surveys and datasets that measure job demands, control, effort-reward balance, physical exposures, incidence of work-related illness or injury, and absence records. Examples include workplace health monitoring, national working conditions surveys, and cohort studies linking job exposures to health outcomes. Exclude datasets that measure general stress without specifying work as the source.
53421	belastung und arbeit	Datasets that allow joint analysis of work characteristics and burden: combined measures of job exposures and health/stress outcomes, employer records linking workload to performance or absence, and panel data tracking both work conditions and burden over time.	Include integrated datasets (working conditions surveys with health modules, longitudinal panels with job and health measures, company HR data linking workload and sick leave) that permit analysis of how work relates to burden and vice versa. Exclude datasets that contain only work attributes or only health/burden measures without the ability to link the two at individual or group level.
53418	belastungen am arbeitsplatz	Datasets and survey modules that capture workplace exposures, psychosocial demands, physical/chemical hazards, injury and absenteeism data.	Include cohort studies, cross-sectional surveys and administrative data containing measures of workplace burdens (self-reported demands, COPSOQ/JCQ items, occupational exposure records, accident/compensation registers, sick-leave and disability records), workplace monitoring data and occupational cohort follow-ups. Exclude datasets without workplace-specific exposure or outcome variables and laboratory-only stress measurements not tied to real work settings.
2160	beruf	Datasets that record occupation, job titles, occupational codes, employment histories and related labor market variables.	Include census, labor force surveys, longitudinal panels and administrative datasets containing occupation fields (ISCO/SOC codes), industry, employment status, contract type and detailed job histories. Exclude datasets lacking occupation information or those focused exclusively on non-occupational constructs.
53913	beruf und bildung	Datasets combining detailed measures of educational qualification, field of study and occupational outcomes.	Include longitudinal and cross-sectional datasets (e.g., labor force panels, education-to-work cohorts, microcensus) that record highest educational level, vocational qualifications, field of study, training history and subsequent occupational codes, earnings and employment status. Exclude datasets lacking either meaningful education or occupation variables.
53953	beruf zufriedenheit	Datasets and survey modules that include measures of job satisfaction and related workplace attitudinal variables.	Include large-scale surveys and panel datasets (e.g., national social surveys, European Working Conditions Survey, SOEP, ALLBUS) that contain single-item or multi-item measures of job satisfaction and facet-specific satisfaction (pay, tasks, colleagues). Exclude datasets without job satisfaction or without identifiable workplace context for satisfaction measures.
4716	berufliche tätigkeit	Datasets containing employment activity measures, task-level job information, work hours and employment spell histories.	Include labor force surveys, employment registers, time-use surveys and panel data with variables on employment status, hours worked, job tasks, occupational codes, and employment spells. Include job exposure matrices and datasets with task-based measures. Exclude datasets that do not record actual work activity or that only contain high-level employment indicators without activity detail.
4833	berufliche mobilität	Datasets capturing employment histories, job transitions, promotions, occupational codes and timing of job changes (longitudinal or retrospective life-history data), employer/sector information and related socio-demographic variables.	Relevant datasets include panel or retrospective surveys and administrative records that record sequences of jobs, dates of job start/stop, occupational codes (e.g., ISCO), job status (employee/self-employed), tenure, promotions, wages, reasons for leaving/entering jobs, and geographic moves for work. Include data enabling analysis of vertical/horizontal mobility and career trajectories. Exclude datasets limited to cross-sectional snapshots without any employment history or datasets about firms rather than individuals, and datasets where job-change information is incidental or unavailable.
53691	berufliche einstellung	Survey and panel data containing measures of occupational attitudes and work-related values, including items on job preferences, work ethic, career aspirations and evaluations of occupational roles.	Relevant datasets provide attitudinal items (Likert scales or categorical responses) on work values, importance of career success, preference for work–life balance, attitudes toward vocational education, occupational prestige perceptions, and measures of job satisfaction as an attitude. Include longitudinal surveys tracking changes in work attitudes. Exclude datasets with no attitudinal content or those limited to objective employment facts without respondents' opinions or values.
53817	berufliches selbst 	Datasets measuring professional identity constructs: occupational self-concept, occupational self-efficacy, career identity, role centrality, and related measures collected in surveys, career studies and longitudinal panels.	Relevant datasets contain validated scales or items assessing occupational self-efficacy, strength/centrality of professional identity, identification with occupational groups, perceived competence, and career self-concept measures, including repeated measures over time. Exclude datasets without individual-level psychological measures of occupational self or those focusing only on employer-side organizational identity.
54957	bewertung der sozialpolitik	Survey data and opinion polls that record evaluations of social policy measures, citizen satisfaction with welfare services, and support for policy instruments and reforms.	Relevant datasets feature items on support for welfare spending, satisfaction with specific social programs (pensions, unemployment insurance, health care), perceived effectiveness and fairness of social policy, trust in social institutions, and reactions to policy changes. Include cross-sectional and panel surveys (national and comparative). Exclude datasets that only record policy parameters (benefit levels) without public opinion indicators, or administrative policy implementation data without evaluative measures.
54952	beziehung führungskraft	Datasets from workplace and organizational surveys that include measures of supervisor–employee relationship quality, supervisory behavior, feedback frequency, mentoring, conflict and trust in direct supervisors.	Relevant datasets contain items measuring LMX quality, perceived supervisor support, frequency/quality of feedback, conflict with manager, supervisory fairness, and mentoring experiences, ideally linked to employee outcomes. Include multi-level or matched supervisor–employee surveys. Exclude datasets lacking any supervisor-related attitudinal items or those that record only aggregate leadership ratings without dyadic detail.
54354	bildung erwachsen	Datasets and study data on adult education participation, lifelong learning activities, vocational training for adults, continuing education programs, and adult learning outcomes (national surveys, cohort studies, administrative data).	Include national or international surveys and administrative datasets that measure adult education participation and training (e.g., Adult Education Survey (AES), PIAAC, CVTS, national continuing education registries), program evaluation datasets, longitudinal studies tracking adult learners, and time-use or labor market linkage data that capture participation in adult learning. Exclude datasets that only cover compulsory school-age children, university students below typical adult-learner contexts, or purely qualitative single-case narratives without structured data unless part of mixed-methods study with extractable data.
46134	care arbeit	Datasets and administrative records on paid and unpaid care work, time-use data, labor statistics for care sectors, caregiver surveys, and program evaluations of care services.	Include time-use surveys (e.g., national time-use surveys, Eurostat), labor force data for health and social care occupations, caregiver modules in household surveys, longitudinal caregiver panels, datasets on wages/working hours in care professions, and administrative registries for care service provision. Also include datasets capturing informal caregiving prevalence and intensity. Exclude datasets unrelated to caregiving tasks (e.g., general industry data without care-sector detail) or clinical datasets focused only on patient health outcomes without caregiver measures.
45765	climate change attitudes	Survey datasets and opinion polls measuring individual and collective attitudes toward climate change, risk perception, policy preferences, behavioral intentions, and segmentation (e.g., 'Six Americas').	Include large cross-national and national surveys with climate attitude modules (e.g., ESS modules when relevant, Eurobarometer, World Values Survey, Gallup, Pew Research, Yale/George Mason 'Climate Change in the American Mind', national climate opinion polls), panel datasets tracking attitude change, and experimental survey data on messaging effects. Exclude purely physical climate datasets (temperature, emissions) unless paired with social opinion measures; exclude datasets without explicit climate-attitude variables.
81	climate change	Datasets on climate variables (temperature, precipitation, emissions), impact data (sea-level, crop yields), socio-economic datasets linked to climate (vulnerability, emissions inventories), and integrated datasets combining physical and social indicators.	Include observational climate datasets (HadCRUT, CRU, NOAA, NASA GISS), greenhouse gas emissions inventories, CMIP model outputs, impact datasets (sea-level, extreme events), and socio-economic datasets used in climate impact research (agricultural yields, health outcomes, migration linked to climate), as well as integrated assessment model outputs. Exclude datasets that are purely administrative and unrelated to climate or datasets lacking metadata to establish relevance to climate change research.
43417	conceptions of democracy	Datasets capturing public attitudes toward democracy, definitions of democracy, evaluations of democratic performance, civic engagement measures, and experimental data on conceptions of democracy (e.g., WVS, ESS, LAPOP).	Include cross-national and national surveys with items on support for democracy, definitions (e.g., agreement with democratic statements), preferences for democratic principles (freedom, equality, rule of law), evaluations of democratic performance, and datasets that explore correlates of democratic conceptions (education, political ideology). Also include panel or experimental datasets that probe causal factors shaping conceptions. Exclude datasets that only measure institutional indicators (e.g., V-Dem) without citizen-level conception items, unless combined with public-opinion modules.
43159	consumer behavior	Datasets capturing consumer choices, intentions and behaviors from surveys, experiments, transaction logs, and observational studies.	Include consumer panel and scanner data, household expenditure surveys, online transaction logs, stated-preference and choice-experiment datasets, experimental data on buying decisions, eye-tracking and neurophysiological datasets tied to marketing stimuli, and longitudinal consumer panels. Exclude aggregated national consumption aggregates, firm accounting data without consumer-level linkage, and purely supply-side or production datasets.
43910	covid	Datasets that record COVID-19 cases, testing, clinical outcomes, behaviors, mobility, and survey responses during the pandemic.	Include case counts, hospitalization and mortality records, seroprevalence studies, testing and vaccination registries, contact-tracing datasets, mobility and social-distancing mobility data, clinical trials on COVID-19 treatments/vaccines, and population surveys about behavior and attitudes toward COVID-19 measures. Exclude datasets unrelated to COVID-19 timing or population (e.g., pre-2019 respiratory virus datasets) unless explicitly connected to COVID-19 analyses.
1326	demokratie	Datasets on political regimes, elections, public opinion, and institutional measures relevant to democracy studies.	Include election results, voter turnout data, public-opinion surveys on democratic attitudes (e.g., ESS, WVS), panel studies on political behavior, cross-national indices of democracy and rights (V-Dem, Polity, Freedom House), and expert-coded datasets on institutional features. Exclude datasets that are purely administrative or non-political without connection to democratic processes.
1635	depression	Datasets from clinical trials, cohort studies, epidemiological surveys, and registries that measure depression or depressive symptoms.	Include datasets containing diagnostic assessments (DSM/ICD), symptom scales (PHQ-9, BDI, CES-D), treatment outcomes, health-care utilization for depression, longitudinal cohort data on mental health, and administrative psychiatric registries. Exclude datasets lacking measures of depressive symptoms or diagnosis, or those focused solely on unrelated psychiatric conditions without depression measures.
50072	digital	Datasets measuring internet and technology use, digital skills, platform activity, and indicators of digital infrastructure and adoption.	Include surveys on internet use and digital skills (e.g., Eurostat ICT surveys), platform and social-media usage logs, broadband/infrastructure coverage data, administrative data on e-government uptake, digital economy indicators, and user-behavior analytics. Exclude purely technical system-logs with no human behavior component or datasets only about non-digital (analog) processes.
2185	digitale kompetenz	Datasets and data collections measuring digital competence or related digital skill indicators.	Include survey datasets, assessment results, standardized test data, longitudinal studies and cohort data that contain direct measures of digital skills (objective test scores or validated self-assessments), digital literacy modules within broader surveys, log data tied to skill assessment tasks, and metadata/codebooks. Include national or international assessments (or subcomponents) measuring digital competence and datasets from intervention studies evaluating training programs. Exclude raw technical network logs, purely system-level performance metrics, or usage-only telemetry that cannot be linked to measures of competence or documented assessment tasks.
49398	digitalisierung und arbeit	Datasets addressing relationships between digitalization and work: job tasks, employment outcomes, firm ICT use and platform work.	Include surveys of firms and workers with measures of ICT adoption, task composition and automation exposure, administrative labor-market data linked to technology indicators, employer-level datasets on digital investments and HR outcomes, job vacancy and skills demand data, longitudinal panels tracking workers through technological change, and platform work datasets (gig economy). Include metadata and codebooks. Exclude datasets that measure only technical network metrics or consumer digital behavior without workplace or labor-market linkages.
5051	digitalisierung am arbeitsplatz	Workplace-level datasets capturing digital technologies, task changes and worker outcomes.	Include firm or establishment surveys with modules on workplace digitization, employee surveys tied to specific workplaces, observational data on task workflows pre/post digital introduction, administrative HR records matched to technology deployment, and longitudinal employer-employee linked data capturing digital transitions. Include metadata and instruments used to collect data. Exclude datasets that record only high-level national ICT indicators without workplace disaggregation.
50992	digitalisierung arbeit	Data collections that enable analysis of digitization effects on employment, occupations and workplaces.	Include datasets on technology adoption, occupational task measures, job postings scraped for digital skill demand, employer and employee surveys with digitization modules, longitudinal labor market panels, and matched employer-employee data linking technology use to outcomes. Include structured metadata, codebooks and documentation enabling reproducible analysis. Exclude datasets limited to consumer digital engagement or network performance metrics unrelated to work.
50011	diskriminierung in schulen	Datasets documenting discriminatory patterns and related variables within school settings.	Include student-level administrative data on enrollment, tracking, disciplinary actions, assessment results and school placement disaggregated by protected characteristics; school climate surveys with measures of perceived discrimination; teacher referral and evaluation records; longitudinal cohort studies tracking minority student outcomes; and datasets from evaluations of anti-discrimination interventions. Include codebooks and variable documentation. Exclude anonymized datasets lacking any indicators of group membership or any variables enabling analysis of discrimination.
505	diskriminierung	Datasets and data collections measuring experiences, perceptions, or instances of discrimination, including survey data, audit studies, administrative records, and experimental datasets.	Include datasets that contain variables or modules on perceived discrimination, experienced discriminatory events, audit study outcomes, employer/staffing discrimination experiments, complaints or case records, and indicators of institutional discrimination across domains (employment, education, housing, health). Also include longitudinal and cross-national surveys with discrimination modules. Exclude datasets that do not contain any discrimination-related measures, purely biomedical datasets unrelated to social discrimination, or data that only use 'discrimination' as an unrelated technical term.
1851	education	Datasets on educational processes and outcomes: enrollment, attainment, test scores, longitudinal cohort studies, school census data, administrative records, and program evaluation data.	Include survey datasets (e.g., PISA, TIMSS, national education surveys), administrative school records, longitudinal cohorts tracking educational trajectories, datasets from randomized or quasi-experimental evaluations of educational interventions, and labor market datasets that include education variables. Exclude datasets lacking education-related variables or those where education appears only as a minor demographic descriptor without substantive educational measures.
2769	einstellung zum islam	Datasets containing measures of attitudes toward Islam or Muslims: survey modules, opinion polls, longitudinal attitude panels, and experimental data on prejudice or intergroup attitudes.	Relevant datasets include public opinion surveys and modules with questions about feelings toward Islam/Muslims, trust, perceived threat, support for policies affecting Muslims, and measures of Islamophobia; panel datasets tracking attitude change; and experimental datasets testing interventions to change attitudes. Exclude datasets without items on Islam/Muslim attitudes or those that only record respondents' religious affiliation without attitudinal measures.
47410	einstellung zur zuwanderung	Datasets with measures of attitudes toward immigration: national and international opinion polls, survey modules on immigration policy preferences, and experimental datasets on migration attitudes.	Relevant are surveys containing items on immigration attitudes (e.g., desired levels of immigration, attitudes toward refugees, economic/cultural threat questions), longitudinal panels tracking attitude shifts, and experimental datasets testing interventions or framing effects. Include data that disaggregate attitudes by target group (e.g., refugees, labor migrants). Exclude datasets lacking immigration-attitude measures or those solely documenting migration statistics without attitudinal content.
47832	einstellung zu ausländern	Datasets containing measures of attitudes toward foreigners: opinion polls, social surveys, longitudinal panels, and experiments measuring xenophobia or social distance to non-nationals.	Include datasets with items on feelings toward foreigners, willingness to accept foreigners as neighbors/co-workers, perceived threats from foreigners, and policy preferences affecting foreigners. Experimental and vignette datasets that manipulate foreigner characteristics are relevant. Exclude datasets without questions on foreigners or those that treat 'foreigner' only as a trait of respondents without attitudinal measures.
47836	einstellung zu fremden	Survey datasets, panel data, and experimental data that measure attitudes toward foreigners, immigrants, or ethnic outgroups, including national social surveys, migration modules, and cross-national datasets.	Include datasets containing variables measuring attitudes to foreigners/immigrants (e.g., feeling thermometers, social distance, willingness to accept immigrants, perceived threats), experimental vignette data on outgroup attitudes, and modules from large surveys (e.g., ESS, Eurobarometer, World Values Survey, national social surveys) that explicitly ask about 'Fremde' or immigrants. Exclude datasets without attitudinal items about foreigners, purely administrative population registers, and datasets that only record migration flows without public-opinion measures.
5783	einstellung gender	Datasets containing measures of gender attitudes: survey modules on gender role beliefs, support for gender equality, sexism scales, and related behavioral intention items from national and cross-national surveys.	Include datasets with items on gender role ideology, support for gender equality policies (e.g., quotas, parental leave), ambivalent sexism measures, and behavioral measures related to gender attitudes. Relevant sources include ESS, ISSP modules on family and gender, World Values Survey items, national gender surveys, and experimental datasets on gender attitudes. Exclude datasets lacking attitudinal measures about gender or those that only record respondents' gender without opinion items.
47494	einstellungen zum islam	Datasets that measure attitudes toward Islam or Muslims: national and cross-national opinion surveys, targeted attitude modules, and experimental data on anti-Muslim attitudes and social distance.	Include datasets with items on favorability/unfavorability toward Islam or Muslims, perceived threat from Islam (cultural/security), social distance measures vis-à-vis Muslims, support for policies affecting Muslims (e.g., mosque building, headscarf bans), and experimental manipulations about Muslim identity. Relevant sources include ESS, Eurobarometer, World Values Survey, national opinion polls, and specialized Islamophobia studies. Exclude datasets without Islam/Muslim attitudinal measures and administrative datasets with only population counts.
66819	employ poland	Datasets relevant to employment in Poland: national labor force surveys, administrative employment registers, EU microdata (e.g., EU LFS, SILC), and specialized Polish panel studies containing employment variables.	Include datasets that provide employment status, occupation, industry, working hours, wages, contract type, transitions in employment, and job search variables for Poland. Examples include the Polish Labour Force Survey, EU-LFS extracts for Poland, Generations and Gender Survey Poland if containing employment modules, and administrative social security/employment registers. Exclude datasets without employment-related variables or those not covering Poland specifically.
67161	entfremdung der arbeit	Datasets containing measures of work alienation or related constructs (job meaning, engagement, burnout, job satisfaction) from workplace surveys, employee panels, and national surveys with work modules.	Include datasets with items operationalizing work alienation (e.g., Seeman-based scales), measures of job meaning, autonomy, control, task variety, and social isolation at work. Relevant sources include organizational surveys, European Working Conditions Survey, national workplace panels, and company employee surveys. Exclude datasets that only record occupation or industry without attitudinal/psychological measures concerning work experience.
79	environment	Datasets that measure environmental conditions, exposures, policies or human attitudes/behaviours toward the environment, including monitoring data, survey modules and geospatial/environmental health data.	Include datasets containing environmental monitoring (air, water, soil quality), geospatial data on land use/green space, exposure and health linkage data, longitudinal or cross-sectional surveys with environmental modules (attitudes, behaviour, risk perception), and policy or administrative databases on environmental regulation and implementation. Exclude datasets unrelated to environmental phenomena (e.g., purely economic or organizational datasets) unless they contain substantive environmental measures or linkages.
66255	environmental attitude	Survey and panel datasets that include measures of environmental attitudes and related constructs (e.g., ISSP Environment module, European Social Survey items, national surveys with environmental questions).	Include cross-sectional and longitudinal survey datasets, modules and harmonized collections containing items on environmental concern, NEP items, willingness-to-pay, perceived risks, and behavioural intentions. Also include experimental datasets testing interventions to change environmental attitudes. Exclude datasets lacking attitudinal items or containing only objective environmental measures with no attitudinal/perceptual variables.
6177	erziehung	Datasets relevant to Erziehung: household and family surveys, child development panels, school-based studies, and longitudinal cohorts that record parenting, education, and socialization measures.	Include datasets with variables on parenting style, parental involvement, child outcomes (cognitive, socioemotional), early childhood programs, educational attainment and pedagogical interventions. Prefer datasets with items or variables labeled in German or from German-speaking contexts, but also include international data relevant to upbringing and education research. Exclude datasets that do not contain measures related to upbringing, parenting or educational processes.
69762	evaluation soziale arbeit	Datasets derived from evaluations of social work programs: administrative case files, outcome measurement datasets, longitudinal follow-ups of clients, and monitoring data collected for program assessment.	Include datasets from randomized or quasi-experimental evaluations of social work interventions, routine outcome monitoring systems used by social service agencies, administrative records on service delivery and client outcomes, and qualitative evaluation datasets (interviews, focus groups). Prefer datasets containing pre/post measures, comparison groups, or implementation fidelity metrics. Exclude datasets from unrelated social programs unless they are directly relevant to social work services and evaluation.
69276	external political efficacy	Survey datasets containing measures of external political efficacy: e.g., ANES, ESS, Eurobarometer, ISSP, GSS and national election studies that include efficacy items.	Include datasets with one- or multi-item measures of external political efficacy (e.g., items about responsiveness of government, influence over decisions), often alongside political trust and participation measures. Preference for datasets enabling comparative analysis or longitudinal study of efficacy. Exclude datasets lacking efficacy or closely related attitudinal items.
69667	familie beruf	Datasets capturing employment and family variables: panel surveys, cross‑sectional household surveys, time‑use studies, administrative employment and benefits records, and matched employer‑employee data.	Include datasets that enable analysis of parents' labour force participation, working hours, occupation, leave uptake, childcare utilization, household composition, and related outcomes (income, job mobility). Relevant types: longitudinal panels (e.g., household panels, cohort studies), time‑use diaries, register/administrative data linking employment and family status, employer surveys on flexible work, and cross‑national comparative data. Exclude purely clinical or genomic datasets, datasets without family or employment variables, and those lacking documentation for construction of family/employment indicators.
69687	familie karriere	Datasets that document career histories alongside family events: panel studies, employer HR data, administrative registers linking employment, earnings and family status, and qualitative career interview data.	Include data enabling analysis of career outcomes in relation to family life: longitudinal employment histories, wage records, promotions, occupational codes, parental leave records, family formation dates, and childcare usage. Relevant sources: national registers, household panels, employer HR databases, and life history interview datasets. Datasets should permit temporal sequencing of family events and career changes. Exclude datasets lacking career trajectory or family event information.
52915	family and changing gender roles	Surveys and qualitative datasets that capture gender attitudes, division of household labour, parental involvement, childcare responsibilities, and temporal changes (repeat cross‑sections, panels, time‑use data).	Include datasets documenting attitudes toward gender roles (e.g., ESS, WVS), time‑use diaries showing allocation of domestic and care tasks, panel or cohort studies measuring change over time within households, and qualitative interview collections on gendered practices. Also include cross‑national comparative datasets that allow study of policy impacts on gender roles. Exclude datasets that lack measures of gender attitudes or intra‑household task allocation.
67689	family	Comprehensive datasets on family and household topics: censuses, household surveys, panel/cohort studies, vital statistics, register data, time‑use studies, and qualitative family interview collections.	Include data sources that allow analysis of family composition and dynamics: national censuses and vital registration (births, marriages, deaths), household budget and labour force surveys with family modules, longitudinal household panels, cohort studies following family life courses, time‑use surveys for household behaviour, and qualitative datasets on family relationships. Data should contain household/kinship identifiers or modules to construct family units. Exclude datasets unrelated to family or lacking documentation to assemble family measures.
67775	family and gender	Datasets linking family composition and behaviour to gendered attitudes and practices: time‑use, attitude surveys, household panels with gender modules, administrative data with parental gender roles, and qualitative gendered family studies.	Include datasets providing measures of family structure, division of labour, caregiving, parental leave/use by sex, employment by gender, and gender attitude items. Relevant sources: time‑use surveys disaggregated by sex, cross‑national attitude surveys (ESS, WVS), panel datasets capturing changes in family roles by gender, and qualitative interview sets focused on gendered family experiences. Exclude datasets lacking sex‑disaggregated family measures or gender attitude indicators.
68742	form of employment	Datasets and survey modules that record employment contract and arrangement details: employment status, contract type (permanent/temporary), working hours, self-employment vs. employee, agency/gig work, telework/home-based work, job tenure and multiple job-holding. Typical sources include labor force surveys, panel studies and employer-employee linked data.	Relevant data: microdata from labor force surveys and panels (e.g., EU-LFS, national LFS/microcensus, household panel surveys such as SOEP/GSOEP, CPS, national longitudinal employer-employee datasets) and targeted surveys of gig/platform workers or temporary agency workers that contain variables describing contract type, working hours, pay basis, and job security. Include administrative or employer establishment data that can be linked to individual contract types. Exclude datasets that only provide aggregate employment counts without contract-level detail, or data that cover organizational/legal forms unrelated to individual worker contracts.
61134	führung und vertrauen	Datasets and study materials measuring leadership constructs and trust outcomes in workplaces, teams or organizations, preferably containing scales for trust in supervisor/management and leadership style/behavior variables.	Relevant data: employee surveys, establishment surveys and linked employer–employee datasets with modules on perceived leadership behaviors, leader–member exchange (LMX), and trust in supervisors/management; experimental or longitudinal datasets examining trust-building interventions or changes in leadership. Include German-language datasets or datasets with validated German translations of trust and leadership scales. Exclude datasets that only measure generalized social trust without workplace/leader referent or those that use 'Führung' only in non-leadership contexts.
61312	führung	Datasets containing measures of leadership behavior, style, effectiveness, leader-member relations, and leadership development interventions: surveys, 360-degree feedback datasets, organizational case studies and experimental datasets.	Relevant data: employee surveys with leadership modules, 360-degree assessment datasets, leadership training evaluation data, longitudinal organizational studies that track leadership and outcomes, and cross-national datasets with leadership items. Include datasets with German-language instruments. Exclude datasets that use 'Führung' in non-leadership senses (e.g., product manuals) or datasets lacking explicit leadership measures.
2541	gender role	Datasets that include measures of gender-role attitudes or behaviors: national social surveys and modules (e.g., ISSP Family and Changing Gender Roles, European Social Survey, World Values Survey), household surveys with division-of-labor items, and panel studies tracking role attitudes over time.	Relevant data: survey modules with items on beliefs about gendered responsibilities (work vs. family), attitudes toward women working, childcare and housework allocation, and measures of gender-role identity (BSRI, role salience). Include datasets that allow analysis by cohort, education and employment. Exclude datasets that only record biological sex without measures of role attitudes or behavior.
3938	gender	Datasets containing gender-related variables: surveys with sex and gender identity items, administrative records with gender markers, studies on gender-based outcomes (employment, health, violence), and datasets incorporating non-binary and transgender measures.	Relevant data: microdata that record gender identity/expression (including two-step measures: sex at birth and current gender), datasets on gender-based violence, labor-market datasets with gender-disaggregated indicators, and qualitative datasets on gender experience. Include data with non-binary categories or explicit gender modules. Exclude datasets that only capture sex at birth without any conceptualization of gender when the research question concerns gender as identity or social role.
61636	gender studies	Datasets and study collections that contain measures related to gender attitudes, gender identity, gendered behaviours, gender inequality indicators, or qualitative interview/ethnographic data about gender.	Include: survey microdata, panel data, census variables with gender breakdowns, datasets of interviews, focus groups or ethnographies on gender, data on gender‑based violence, gender pay gap microdata, and indicator datasets (e.g., gender equality indices). Exclude: datasets that only record biological measures (e.g., hormone levels) without social/gender variables; administrative data with only binary sex codes and no contextual gender variables unless reinterpreted by authors as gendered outcomes.
62134	general self-efficacy	Datasets that contain measures of general self‑efficacy (total scores or item‑level data), including longitudinal and cross‑sectional studies where general self‑efficacy is a variable.	Include: survey datasets, cohort studies and experiments that include the General Self‑Efficacy Scale (GSE) or equivalent general self‑efficacy measures, with documentation of items and scoring. Exclude: datasets containing only domain‑specific self‑efficacy measures without a general/self‑efficacy instrument.
2575	generation y	Datasets that allow analysis of Generation Y, either by explicit cohort identifiers or by birth year ranges enabling cohort selection.	Include: survey and panel data with respondent birth year or age so Generation Y can be selected, longitudinal cohorts covering Millennials, and administrative datasets where cohort membership can be inferred. Exclude: datasets lacking age or birth year information or those where cohort analysis is impossible.
1423	generelle selbstwirksamkeit	Datasets containing measures labeled generelle Selbstwirksamkeit or the German version of the General Self‑Efficacy Scale, including item‑level data and scale scores.	Include: German surveys, cohort studies, or international datasets with German subsamples that include the Allgemeine Selbstwirksamkeit/GSE items; documentation of translations and reliability statistics. Exclude: datasets with only domain‑specific self‑efficacy items and no general self‑efficacy measure.
61544	geschlecht und geschlechterrollen	Datasets containing measures of gender role attitudes, household division of labour, occupational segregation, socialization practices and related qualitative data on gender roles.	Include: survey modules (e.g., ISSP family/gender modules, ESS items) with gender role attitude items, time‑use data showing division of labour, interview/ethnographic datasets on role socialization, and administrative data on occupational gender segregation. Exclude: datasets that only record respondent sex without any measures of roles, attitudes or behaviour.
61473	geschlechter rolle	Datasets that capture gender role attitudes, behaviors, and role-related practices. Examples: social surveys, time-use studies, cohort studies with role-related modules, cross-national modules on family and gender attitudes.	Include datasets containing measures of gender role attitudes or behaviors (e.g. survey items on who should do childcare/housework, occupational role expectations, caregiving roles), time-use data showing division of labor, cohort studies with socialization or role items, and cross-national modules (e.g. ISSP, ESS modules) that permit analysis of gender-role constructs. Exclude datasets that only record biological sex without any measures of roles, datasets about organizational job roles unrelated to gender, or animal/biological datasets.
59288	geschlechterrollen	Datasets enabling analysis of gender-role norms and their distribution: repeated surveys, cross-national modules, longitudinal cohorts, and qualitative collections about role expectations.	Include datasets with items on gender-role stereotypes, who-does-what behavioral measures, attitudes toward traditional vs. egalitarian roles, and longitudinal data tracking role change. Relevant sources include ISSP modules on family/gender, ESS items, national attitude surveys, time-use surveys, and qualitative interview corpora on gender norms. Exclude datasets that lack role-related content or only record biological sex.
4690	gesundheit	Health-related datasets such as health surveys, administrative health records, registries, clinical trial data, population health surveillance and biomarker datasets.	Include national health surveys (e.g. GEDA, DEGS, SOEP health modules), disease registries, hospital discharge data, mortality records, cohort studies with health measures, and clinical trial datasets. Data should permit analysis of morbidity, mortality, health behaviors, service use, and biomarkers. Exclude datasets that do not contain health-related variables or that pertain only to non-human subjects unless explicitly relevant.
58542	gesundheit psychisch	Datasets focused on mental health: psychiatric registries, population mental health surveys, clinical trial data for mental health treatments, and cohort studies with mental health measures.	Include datasets containing validated measures of mental disorders or symptoms (diagnoses, symptom scales), service use for mental health, suicide and self-harm registries, and longitudinal cohorts tracking mental health. Examples: national mental health surveys, DRKS/clinical trial datasets for psychiatric interventions, and epidemiological studies with GHQ/PHQ/BDI. Exclude datasets lacking mental health variables or focusing purely on neurological physiology absent psychological measures.
58545	gesundheit patienten	Datasets concerning patients: clinical registries, hospital administrative data, electronic health records, patient surveys, and trial participant data.	Include datasets with patient-level clinical data (diagnoses, treatments, outcomes), registries for specific diseases, hospital discharge datasets, electronic health record extracts, patient-reported outcome measures (PROMs) and satisfaction surveys, and randomized controlled trial data with patient participants. Exclude population surveys that do not identify patient status, and datasets that only cover healthy volunteers without patient groups.
58585	gesundheit betrieb	Datasets and research data on company- or workplace-level health indicators, intervention trials in enterprises, and organizational surveys of health management.	Include datasets from workplace health promotion trials, company-level surveys of health policies and OSH practices, administrative records on workplace sickness absence, worksite exposure assessments, aggregated firm-level health outcome data, and longitudinal employer cohorts. Data must be linked to workplace context (e.g., firm, department, occupational group) or evaluate interventions implemented at the company level. Exclude population-level health surveys without workplace identifiers, clinical patient registries not capturing workplace variables, or datasets only about health care utilization outside employment context.
58610	gesundheit im betrieb	Research datasets documenting health outcomes and exposures measured within workplaces or among employed persons.	Relevant data include occupational cohort studies, company-level health surveillance data, surveys of working conditions and self-reported health, exposure measurement data gathered on-site, records of work-related incidents, and evaluation datasets of workplace interventions. Datasets should explicitly link health measures to workplace setting or employment status. Exclude datasets limited to non-working populations, general health surveys lacking work-related variables, or clinical trials unrelated to workplace implementation.
58700	gesundheit von beschäftigten	Individual-level datasets on the health status, health behaviors, and work-related exposures of employed persons.	Include worker cohorts, cross-sectional and longitudinal surveys of employed populations, administrative employment-health linkage data, sick-leave registries, occupational disease registries, and biomonitoring data for employed groups. Data should permit analysis of health outcomes among workers. Exclude datasets that do not distinguish employed from non-employed participants or that lack employment-related variables.
58705	gesundheitliche beschwerden	Datasets containing symptom and complaint measures, health complaint inventories, and survey data on symptom prevalence.	Include cross-sectional and longitudinal survey data with symptom checklists, occupational health records recording complaints, symptom diary datasets, psychosomatic symptom inventories, and datasets linking complaints to exposures or outcomes (e.g., absence). Data should allow analysis of prevalence, severity, and correlates of health complaints. Exclude datasets lacking direct symptom measures or those limited to clinical diagnostic tests without symptom information.
4600	gewalt	Datasets on experiences and perpetration of violence, crime statistics, victimization surveys, and program evaluation data.	Include national and local victimization surveys, longitudinal cohorts with violence exposure data, administrative records (police, social services, healthcare) related to violent incidents, conflict and war-related datasets, and evaluation datasets of violence prevention programs. Data should measure types of violence, timing, perpetrators, settings, and outcomes. Exclude datasets without explicit measures of violence, or those limited to animal or purely economic crime measures without human violence context.
58858	gewalt jugend	Datasets and surveys that measure violence affecting children and adolescents, including victimization surveys, school-based studies, child protection records, and cohort studies with violence-related variables.	Include cross-sectional and longitudinal datasets capturing child/adolescent experiences of physical, sexual, emotional abuse, neglect, bullying, dating violence, exposure to domestic or community violence, or perpetration. Relevant sources: school surveys, child protection and CPS administrative data, cohort studies that include violence modules, and criminological victimization surveys disaggregated by age. Data should allow identification of age groups and contexts of violence. Exclude datasets that only cover adult violence without age breakdown, animal violence datasets, or datasets focused solely on macro-level conflict metrics unless they include youth-specific measures.
60151	global life satisfaction	Cross-national datasets and surveys containing life satisfaction measures suitable for global comparisons (e.g., World Values Survey, Gallup World Poll, European Social Survey).	Include large-scale international surveys and datasets that include standardized life satisfaction or subjective well‑being items and allow country-level comparisons or global estimates. Relevant sources: World Values Survey, European Social Survey, Gallup World Poll, OECD Better Life Index data on life satisfaction, ISSP, and Harmonized datasets pooling multiple national surveys. Exclude single-country datasets without cross-national linkage, datasets lacking direct life satisfaction or comparable subjective well‑being items, and opinion polls with poor methodological documentation.
3148	health	Datasets covering health status, health behaviors, healthcare utilization, clinical outcomes, and social determinants collected in surveys, cohorts, administrative registers or health surveillance systems.	Include national and international health surveys (e.g., health interview surveys, NHIS, DHS, Eurostat health data), longitudinal cohort studies with health measures, hospital/claims administrative datasets, disease registries, and public health surveillance data. Relevant variables include morbidity, mortality, self-rated health, biomarkers, mental health scales, and healthcare access/utilization. Exclude purely genetic sequence repositories without phenotypic health data and datasets solely focused on non-human health.
383	home office	Datasets and surveys measuring telework prevalence, patterns of working from home, associated outcomes (productivity, well‑being), and employer practices.	Include labor force and employer surveys with telework modules, time-use surveys that identify home-based work, longitudinal panels tracking shifts to home office (e.g., COVID-era modules), organizational datasets on remote work policies, and ergonomics/occupational health study data for home workers. Relevant variables include telework frequency, hours worked at home, employer support, equipment provided, productivity/self-reported performance, and home working conditions. Exclude datasets about home ownership or household consumption that do not capture work activities, and retail sales datasets for furniture or office equipment unless linked to remote work research.
221	immigration	Datasets and administrative sources capturing migration status, flows, immigrant characteristics, integration indicators, and asylum/refugee records.	Include population registers, immigration and naturalization administrative data, household and labor force surveys with migrant identifiers (country of birth, citizenship, year of arrival), refugee and asylum seeker databases, longitudinal migrant cohort studies, and datasets on remittances and migrant networks. Data should allow analysis of migration status, origin/destination, length of stay and integration outcomes. Exclude datasets that only report tourist or short-term travel without migration intent, and non-human migration data.
52895	inequality	Datasets and data collections containing variables suitable for measuring inequality (income, wealth, consumption, health outcomes, educational attainment, employment), including cross-sectional, panel, survey, administrative, and geo-referenced data.	Include datasets that enable calculation or analysis of inequality (microdata on earnings, household surveys, labor force surveys, social statistics, health surveys, census microdata, tax records, longitudinal panels). Also include harmonized cross-national datasets and data on distributional outcomes by social group or geography. Exclude datasets unrelated to distributional analysis (e.g., purely biological or lab experimental data with no social disparity measures), and exclude metadata-only records without accessible data or documentation that allows inequality analysis.
63271	information trust	Datasets capturing perceptions of information credibility, media trust scales, experiments on trust in information, social media content annotated for trustworthiness, and observational data about information consumption and trust outcomes.	Include survey data measuring trust in news, institutions, experts, or specific information items; experimental datasets testing interventions on perceived credibility; annotated corpora identifying trustworthy/untrustworthy content; and behavioral traces linking information exposure to trust indicators. Exclude datasets lacking measures related to information credibility or trust, and purely technical logs without contextual trust measures.
63273	information politik	Datasets related to information policy and politics: legislative texts, policy databases, records of information access requests, datasets on government transparency, censorship events, and datasets tracking political information campaigns.	Include collections of laws and regulations on data/information, datasets documenting FOI requests/responses, indices of press freedom/censorship, corpora of political communication campaigns, and cross-national policy indicators on information governance. Exclude technical datasets on information systems without political or policy metadata and datasets unrelated to governance or political uses of information.
63264	informations- und kommunikationstechnologie	Datasets on ICT access and use: household ICT surveys, internet usage logs, broadband coverage maps, digital skills assessments, e‑government service usage, and workplace ICT adoption surveys.	Include microdata capturing device ownership, internet connectivity, frequency and purpose of ICT use, digital literacy test scores, administrative records of e-service uptake, and geospatial data on network infrastructure. Exclude raw network traffic captures or engineering telemetry lacking demographic/contextual information needed for social analysis of ICT impacts.
5945	interesse für politik	Datasets containing measures of interest in politics: public opinion surveys, election studies, panel datasets with political attitudinal modules, and time-series surveys tracking political interest over time.	Include surveys and panels that include items on interest in politics, frequency of following political news, attention to public affairs, and associated behaviors (voting, protest, civic activities). Relevant sources include national election studies and cross-national surveys (e.g., ESS, Eurobarometer). Exclude datasets that do not include explicit measures of interest in politics or that measure organizational 'interest' rather than individual attitudinal interest.
62692	interesse an führung	Datasets and study collections that contain measures of individuals' interest in leadership or aspiration for supervisory roles. Includes employee surveys, longitudinal career panels, student career intention surveys, and experimental datasets with variables on leadership intent.	Include datasets with explicit variables measuring leadership interest, leadership career intentions, desire for promotion, or willingness to take supervisory tasks. Accept national or organizational employee surveys, student/graduate follow-ups, and experimental data where leadership choice is an outcome. Exclude datasets that only measure organizational leadership outcomes (performance, style) without a variable capturing personal interest or aspiration to lead.
15911	motivation in der arbeit 	Datasets containing measures of employee motivation, work engagement, intrinsic/extrinsic motivation scales, or related constructs in workplace surveys and organizational studies.	Include employer or nationally representative surveys and longitudinal panels with variables on work motivation, engagement (e.g., UWES), or motivation-related antecedents/outcomes (performance, turnover). Include experimental and intervention datasets from organizational contexts. Exclude datasets focused on non-work settings (schools, leisure) or those lacking explicit motivation measures.
15758	job satisfaction	Datasets and surveys containing job satisfaction measures such as overall satisfaction and facet-specific items from employee surveys, national labor studies, and longitudinal panels.	Include employer surveys, national labor force panels, organizational climate studies and longitudinal data with validated job satisfaction items (e.g., single-item overall satisfaction, MSQ, JDI). Exclude datasets without job satisfaction measures or those limited to non-work contexts.
15423	jugendliche	Datasets and survey collections focused on adolescents: school-based surveys, youth cohorts, health surveillance (e.g., HBSC, national youth health studies), and longitudinal panels tracking adolescent development.	Include datasets with adolescent samples or age-disaggregated data covering behaviors, health, education, and social variables. Accept cross-sectional and longitudinal studies, school surveys, and administrative data on youth. Exclude datasets without adolescent-specific data or that aggregate adolescents into broader age ranges without separate indicators.
17369	kinder und jugendliche	Datasets and studies that collect data on children and/or adolescents: birth cohorts, child health surveys, school-based datasets, family panels, and longitudinal studies that follow minors over time.	Include datasets with samples of children and/or adolescents, covering health, development, education and family contexts (e.g., national child health surveys, birth cohort studies). Prefer data with age-specific measures and longitudinal follow-up. Exclude datasets that do not include minors or that only provide adult retrospective reports without direct child/adolescent measures.
6322	klima	Datasets and data collections about climate: instrumental temperature and precipitation records, remote sensing/climate model outputs, greenhouse gas inventories, climate indices, observational networks, socio-environmental datasets on climate impacts and perceptions.	Relevant data are time series of meteorological variables, gridded climate model outputs (CMIP etc.), satellite-derived climate products, national emissions inventories, and survey datasets on public attitudes toward climate. Include processed and raw data used to analyze climate patterns, impacts or policy outcomes. Exclude datasets unrelated to atmospheric or socio-environmental climate (e.g., 'organizational climate' survey data) unless clearly tied to environmental/climatic topics.
6370	klimawandel	Datasets on climate change: observed warming datasets, long-term temperature records, greenhouse gas inventories, emission scenario data, climate model simulations (projections), impact datasets, and survey data on climate change beliefs and behaviors.	Include datasets used to quantify historical climate change, future scenario projections (RCP/SSP outputs), national/subnational emission inventories, impact assessments (e.g., crop yields under warming scenarios), and social survey datasets measuring awareness, beliefs, and mitigation/adaptation behaviors. Exclude datasets not directly addressing climate change processes or responses.
13621	kultur	Datasets about cultural phenomena: cultural participation surveys, heritage inventories, arts statistics, ethnographic corpora, cultural consumption and production datasets, and cross-national value surveys related to culture.	Include survey data on cultural participation, attendance, values and identities (e.g., Eurobarometer cultural modules, ESS cultural items), cultural economics data (ticket sales, funding), museum and heritage registries, and coded qualitative corpora on cultural practices. Exclude biomedical culture data (laboratory cell cultures) and datasets that only mention 'culture' metaphorically (organizational climate) without cultural content.
21558	lernen am arbeit	Datasets on workplace learning and training: employer-provided training surveys, continuing vocational education statistics, longitudinal employer-employee matched data, apprenticeship records, and surveys on informal learning at work.	Include representative surveys of training participation (e.g., CVTS), employer training modules, administrative apprenticeship data, panel data linking training to outcomes (wages, mobility), and qualitative datasets documenting workplace learning practices. Exclude datasets focused on school-based learning without workplace component or datasets about machine learning systems.
21877	links rechts orientierung	Datasets containing measures of left-right orientation: national and cross-national survey data with ideological self-placement items (e.g., ESS, ISSP, Eurobarometer), panel studies tracking ideological change, and datasets with party position mappings on left-right scales.	Include survey datasets with explicit left-right self-placement or derived ideological scales, manifesto/party placement datasets (e.g., MARPOR), and longitudinal data capturing shifts in ideological identification. Exclude datasets that record only spatial or physical left/right measures or those lacking political ideological indicators.
4835	media	Datasets and data collections containing media content, media usage metrics, social media corpora, audience surveys, content analysis datasets, and platform analytics relevant to media research.	Include datasets that record media consumption (time use or audience ratings), survey data on media habits and attitudes, corpora of news articles or social media posts (tweets, Facebook posts, forum threads), annotated content analysis datasets, logs from media platforms, network data about information diffusion, and experimental datasets measuring media effects. Data may be cross-sectional, longitudinal, or event-based and should directly measure media phenomena. Exclude datasets unrelated to communication (e.g., biological media), datasets that only incidentally mention media without measures of media content or use, and raw hardware-level telemetry unrelated to content or audience behavior.
22227	merkmale der arbeit	Datasets measuring job and work characteristics: surveys, employer records, time-use data, job-exposure matrices, and occupation-level descriptors capturing working conditions and job attributes.	Include datasets that contain variables on job content (tasks, complexity), working hours, contract type, autonomy and control, mental/physical demands, ergonomic and safety conditions, pay and benefits, training opportunities, and occupational classifications (ISCO, O*NET type descriptors). Also include longitudinal employer-employee matched data and workplace assessments. Exclude datasets that mention 'work' only as employment status without characteristics, or data solely about company-level outcomes without information on job-level features.
427	migration	Datasets on migration: population registers, survey data on migrants, border statistics, asylum and refugee records, remittance datasets, and mobility histories relevant to migration research.	Include data documenting migration flows (origin-destination matrices), migrant stocks, individual-level surveys with migration histories, administrative records on permits and asylum cases, labor migration statistics, longitudinal studies of migrants, remittance transactions, and geocoded mobility data. Datasets should enable analysis of causes, experiences, integration outcomes, or policy impacts of migration. Exclude biological or ecological datasets referring to organismal migration, and datasets that only tangentially mention migration without usable migration measures.
18263	mitarbeiter	Datasets on employees: employer-employee linked datasets, staff surveys, payroll/HR administrative records, occupational panels, and personnel files useful for analyzing employee outcomes and workplace processes.	Include datasets that provide individual-level and job-level information on employees such as demographic characteristics, employment contract, tenure, wages, working hours, performance evaluations, training records, absenteeism, and survey measures of well-being and engagement. Also include matched employer-employee datasets and workplace-level contextual variables. Exclude datasets that only cover employers or organizational finances without staff-level information, or lists of collaborators not indicating employment relationships.
20775	mobilität	Datasets on mobility: travel surveys, GPS and smartphone mobility traces, public transport usage, commuting statistics, origin-destination matrices, and longitudinal data on social mobility.	Include datasets capturing individual or aggregate movement (travel diaries, sensor/GPS logs, mobile network data, smartcard transit records), commuting flows, modal shares, accessibility measures, transport network attributes, and data on social mobility (intergenerational income/occupation mobility). Also include datasets suited for modeling mobility patterns and evaluating mobility policies. Exclude sensor datasets measuring non-human particle mobility or datasets that do not contain movement or mobility-relevant variables.
20969	motivation and mitarbeiter	Datasets collected from employees or workplaces measuring motivational constructs, engagement, job attitudes, or intervention outcomes.	Include survey datasets, longitudinal HR panels, intervention trial data, employee engagement indexes, organizational climate surveys and anonymized administrative HR data that contain measures of motivation, job satisfaction, turnover intention, rewards, or performance linked to motivational variables. Include metadata specifying sample, measurement instruments, and scales. Exclude datasets from non-work contexts, small lab samples of non-employee participants, or datasets lacking any measure of motivation or workplace-related outcomes.
21258	motivation und lernen	Datasets that link motivational measures with learning outcomes, instructional variables, or longitudinal learning trajectories.	Include datasets from schools, universities, MOOCs, training programs, or experimental studies that contain measures of motivation (e.g., intrinsic/extrinsic scales, goal orientation), study strategies, and objective or self-reported learning outcomes (grades, test scores, skill acquisition). Include learning analytics logs that capture engagement correlated with motivational indicators. Exclude datasets without any motivation-related measures or those purely about cognitive ability without learning motivation content.
21259	motivation und interesse	Datasets measuring both interest and motivational constructs, including their development over time or in response to interventions.	Include surveys, longitudinal panels, experimental datasets, and classroom or domain-specific studies that contain measures of situational and personal interest alongside motivation measures and related outcomes (engagement, persistence). Include metadata describing scales and timing. Exclude datasets that measure only one of the constructs (interest or motivation) without linking them, or that treat interest only as demographic/consumption data.
7965	nutzung medien	Datasets documenting media usage: surveys, time-use diaries, digital trace data, platform analytics, and content consumption logs.	Include representative surveys of media habits, longitudinal time-use studies, smartphone/app usage logs, social media activity datasets, web browsing histories (anonymized), and combined self-report and objective measurement datasets that capture platform, frequency, duration, device, and purpose. Include metadata on sampling and measurement methods. Exclude datasets that do not contain media use variables or that only document technical network metrics without user behavior data.
6939	online sport	Datasets related to online sport and fitness: user logs from fitness apps/platforms, e-sports performance data, intervention trials of online exercise programs, and participation metrics.	Include datasets containing platform usage logs (session frequency, duration, class attendance), wearable-derived activity data linked to online programs, e-sports match and performance statistics, self-report adherence and outcome measures from online interventions, and community engagement metrics. Ensure datasets include variables describing online modality. Exclude datasets solely about offline sporting events without online interaction or that lack measures specific to online delivery.
7159	orientierung beruf	Datasets measuring career intentions, vocational aspirations, guidance programs and transitions from education to employment.	Relevant datasets contain individual-level measures of occupational preferences, career intentions, vocational interests, career decision self-efficacy, records of counseling interventions, apprenticeship participation, and longitudinal follow-up of school-to-work transitions. Include national or regional school and youth surveys, cohort studies of students/trainees, program evaluation data for guidance interventions and datasets documenting labor-market entry. Exclude datasets that only provide aggregate employment statistics, datasets about unrelated 'orientation' constructs (e.g., spatial), or purely employer-side HR data without information on individual career orientation.
11910	persönlichkeit	Datasets containing individual-level personality measures, trait inventories, longitudinal personality studies and cross-cultural personality surveys.	Relevant datasets include measures from instruments such as NEO-PI-R, BFI, TIPI, IPIP scales, temperament inventories, longitudinal panels tracking personality change, twin studies, and datasets linking personality to health, labor market or educational outcomes. Include metadata describing administration, scoring, and sample characteristics. Exclude datasets without personality-related variables, or those where 'personality' is only a peripheral label without standardized measurement.
1168	political participation	Datasets measuring citizens' political and civic activities, turnout, protest behavior and engagement across contexts.	Include survey datasets (e.g., ESS, CSES, national election studies), panel studies tracking participation over time, protest event datasets with individual respondent modules, youth participation surveys, and program evaluation data on mobilization interventions. Relevant data contain variables on turnout, contacting, protesting, signing petitions, volunteering for political causes, campaign involvement and online political activity. Exclude datasets lacking political activity measures or containing only organizational membership unrelated to politics.
439	political efficacy	Datasets that include measures of internal and/or external political efficacy or related perceptions of influence and responsiveness.	Include survey data (e.g., ESS, ANES, CSES) containing standard political efficacy items, panel datasets tracking efficacy over time, and experimental data manipulating perceived efficacy. Relevant datasets provide item-level responses, scale scores and metadata on question wording and translation. Exclude datasets lacking political-efficacy items or containing only generic self-efficacy not tied to political influence.
8932	political survey	Political survey datasets such as election studies, public opinion polls and cross-national modules used for political analysis.	Include datasets from ANES, ESS, CSES, Eurobarometer, ISSP political modules, national election studies, rolling cross-section surveys, and panel surveys with political modules. Relevant data provide questionnaire, codebook, sampling frame, weighting information and response data for political attitudes, voting and behavior. Exclude non-political survey datasets without political content or administrative records without survey methodology.
10109	politik	Datasets and data collections that document political phenomena: election returns, party manifestos and coding files, public opinion surveys, political elites datasets, legislative roll-call and handbooks, media content datasets and longitudinal studies of politics.	Include datasets that directly measure political outcomes or inputs (election data, survey modules on political attitudes/behavior, legislative data, manifesto codings, candidate/party databases, political media content). Prefer structured, documented datasets with codebooks. Exclude datasets where political variables are incidental, incomplete, undocumented, or where 'politics' is not a primary domain (e.g., datasets focused exclusively on non-political health measures unless they include substantial political modules). Exclude raw administrative files without documentation linking them to political analysis.
9547	politik politisches verhalten	Datasets documenting political behavior: election studies, panel surveys, turnout records, protest event datasets, civic participation modules in general social surveys, and field experiment datasets measuring behavior changes.	Include datasets that directly record behavioral outcomes (validated turnout records, self-reported participation, protest attendance, membership/activism indicators, campaign contact experiments). Prefer data with temporal or panel structure to study changes in behavior. Exclude datasets lacking behavioral measures or containing only attitudinal items without behavioral indicators, and administrative records that cannot be linked to political behavior outcomes.
10059	politische bildung	Datasets measuring political/civic education outcomes: school and classroom assessments, program evaluation datasets, ICCS, PISA civics modules, and surveys of teachers and students about civic knowledge and engagement.	Include datasets containing measures of civic knowledge, civic competence, classroom practices, teacher qualifications, and program participation used to evaluate political education. Prioritize data with item-level test scores and documentation of instruments. Exclude datasets that only list school characteristics without measures of civic education content or learning outcomes.
10402	politische rechts links	Datasets containing left–right measures: survey modules with left–right self-placement, party position datasets (e.g., Manifesto Project, CHES), expert surveys, and cross-national datasets linking ideology to behavior.	Include datasets that contain explicit left–right items (e.g., 0–10 self-placement), party/party family positions on left–right scale, and coding schemes for ideological placement. Prefer resources with documentation on scale construction and comparability. Exclude datasets lacking any ideological measure or those that use left/right as incidental labels without methodological detail.
10407	politische kompetenz	Datasets measuring political/civic competence: survey batteries and test data with political knowledge items, ICCS, PISA civics data, national assessments of civic competence, and evaluation datasets of competence-building interventions.	Include datasets that contain item-level political knowledge tests, measures of civic skills (argumentation, critical thinking), efficacy scales and validated composite competence scores. Prefer datasets with documentation and scoring rules. Exclude datasets lacking competence-related items or with only general knowledge measures not tied to political/civic content.
10701	politische orientierung	Datasets containing measures of political orientation at the individual or group level (e.g., left–right self-placement, party ID, ideological scale items) from surveys, panel studies, or cross-national datasets.	Relevant datasets include survey modules and panels that collect left–right self-placement, party identification, ideological labels, and related items (e.g., perceived ideological proximity to parties). Include national and cross-national surveys, longitudinal panels, and experimental data where political orientation is a variable or outcome. Exclude datasets that do not contain explicit measures of political orientation, datasets limited to elite manifestos without respondent data, or administrative registers lacking attitudinal indicators.
2386	politische einstellung	Datasets collecting measures of political attitudes such as trust, support for democracy, policy preferences, institutional evaluations, and related opinion items.	Relevant datasets contain items measuring respondents' political attitudes (e.g., trust in government, satisfaction with democracy, attitude scales about immigration, welfare), ideally with metadata documenting question wording and response categories. Include cross-sectional surveys, panels, and comparative studies where political attitudes are central. Exclude datasets without political attitude items or those focusing exclusively on non-attitudinal behavioral or administrative records.
565	politische partizipation	Datasets recording political participation behaviors and intentions (voter turnout, protest attendance, petition signing, civic engagement metrics), including survey and behavioral data.	Relevant datasets document measures of political participation at the individual or aggregate level, such as turnout records, self-reported participation, engagement in civic organizations, and online political activity logs. Include longitudinal panels, voter files linked to survey responses, and experimental data on mobilization. Exclude datasets that do not record participation measures or that only include institutional data without behavioral indicators.
6591	politische ideologien	Datasets that capture ideological beliefs or content, including respondent ideology measures, party manifesto codings, text corpora of ideological materials, and cross-national indicators of ideological dimensions.	Relevant datasets contain individual-level ideology measures (self-placement, policy clusters), coded party manifestos and speeches (for ideological content), or computational text datasets annotated for ideology. Include longitudinal or comparative datasets mapping ideological change. Exclude datasets lacking ideological indicators or those exclusively about organizational procedures without ideological content.
8373	politische werte	Datasets containing measures of political and civic values (e.g., items on democratic norms, tolerance, egalitarianism, support for civil liberties, Schwartz values) from surveys and panel studies.	Relevant datasets include those that record respondents' normative beliefs about politics and society, such as support for democratic procedures, tolerance of dissent, authority acceptance, and equality values. Include cross-national surveys (e.g., World Values Survey), panels, and modules mapping value dimensions. Exclude datasets that do not assess normative or value items or focus solely on descriptive attitudes without normative content.
8931	politische einstellung övp spö	Datasets and survey archives that contain measures of attitudes, party sympathy, vote intention, or evaluations toward ÖVP and SPÖ (e.g., Austrian Election Studies, national surveys, panel data).	Include datasets with variables that explicitly measure respondents' feelings, confidence, trust, sympathy, likelihood to vote for, or evaluations of ÖVP and/or SPÖ. Accept cross-sectional and panel datasets, election-study data, quota or probability samples, and datasets with regional breakdowns for Austria. Exclude datasets that lack party-specific items, contain only macro-level indicators without party-level measures, or datasets about other countries that do not include Austrian party items.
1112	politisches interesse	Datasets containing measures of political interest, such as survey items on how often respondents follow politics or how interested they are in political affairs (e.g., ISSP, European Social Survey, national surveys).	Include survey datasets with direct items on political interest (single-item scales, frequency questions, interest indexes), time-use or media-consumption datasets with political attention indicators, and panel data tracking change in interest. Accept datasets from national and international sources and those with demographic covariates. Exclude datasets lacking any measure of respondents' interest in politics or datasets focused solely on organizational interests (e.g., interest group data).
2630	politisches engagement	Datasets documenting forms and frequency of political engagement, including election studies, participation modules in general social surveys, protest and activism surveys, and administrative records of membership/volunteering.	Include datasets containing variables for voting turnout, party/union membership, campaigning activity, contacting authorities, protest participation, online political activity, and civic volunteering. Accept cross-sectional, panel, and event datasets (e.g., protest event data) that quantify engagement or track changes. Exclude datasets that only contain macro-level indicators of civic organizations without individual-level engagement measures.
5784	politisches verhalten und politische einstellungen	Datasets that contain both behavioural measures (vote, turnout, protest, contacting) and attitudinal measures (ideology, issue preferences, efficacy), suitable for analysing their relationship (e.g., panel election studies, ESS, CSES).	Relevant datasets include those with matched measures of attitudes and reported behaviours, panel data permitting temporal ordering, and combined survey–administrative datasets (e.g., validated turnout). Include data enabling causal inferences where possible (panels, experiments). Exclude datasets that provide only attitudinal items or only behaviour measures without overlap.
5801	politisches interesse	Survey and observational datasets containing direct measures of political interest or attention (e.g., frequency of following politics, self-rated interest), suitable for analysis of correlates and outcomes.	Include national and cross-national surveys (ESS, ISSP, Eurobarometer), longitudinal panels, and specialized media-attention datasets with explicit political-interest items. Datasets should permit linking interest to demographic, attitudinal, or behavioural variables. Exclude datasets without any measure of individual political interest or that only capture organizational or elite-level interests.
5836	politisches wissen	Survey datasets and study modules that contain measures of political knowledge or cognitive factual items (e.g., national election studies, cross-national surveys and panel data with political knowledge batteries).	Include datasets with item-level political knowledge questions or composite indices (factual questions about institutions, party positions, office-holders, policy facts), such as national election studies, ESS/CSES modules, ALLBUS or GLES modules, and longitudinal surveys that track political knowledge over time. Exclude datasets that only contain broad political interest/efficacy items without factual knowledge measures, administrative records unrelated to respondents' political knowledge, or datasets where 'knowledge' refers to non-political domains.
5843	populism	Datasets that enable analysis of populism at individual, party, or media levels, including survey modules on populist attitudes and datasets coding party rhetoric or party typologies.	Include survey data with populism-related items (individual attitudes, anti-elitism, people-centrism), party-level datasets classifying parties as populist, content-analysed corpora of political speeches/media, and election studies that permit populism analysis. Exclude datasets that mention protest or dissatisfaction without measures linking to populist ideology, or administrative data with no content on attitudes or party positions relevant to populism.
8657	populist attitudes	Survey datasets containing individual-level items or composite scales measuring populist attitudes (anti-elitism, people-centrism, Manicheanism), often as dedicated modules or items in comparative surveys.	Include datasets with item-level populist attitudes measures (e.g., PAS items, CSES/ESS modules), data documentation with question texts and response coding, and cross-national survey batteries designed to capture populist attitudes. Exclude datasets that only provide party-level indicators or single-item measures of general distrust without items explicitly capturing core dimensions of populist attitudes.
7892	psychisch gesundheit	Health survey datasets and epidemiological studies containing validated measures of mental health and wellbeing (e.g., DEGS, GEDA, SOEP, SHARE, EHIS), clinical registries and cohort studies with mental health measures.	Include datasets with standardized mental health instruments (PHQ, GHQ, WHO-5, CES-D, SF-12/36), diagnostic modules, longitudinal cohort data on mental health trajectories, and administrative health records with mental health diagnoses. Exclude datasets that do not contain any mental health variables or only include non-validated single-item mood questions without context.
6492	psychische krankheiten	Datasets and registries containing diagnostic information on mental disorders: epidemiological surveys with diagnostic modules (CIDI), clinical registries, hospital discharge data, insurance claims with ICD-10 F-codes, and psychiatric cohort studies.	Include datasets with clinician- or instrument-assessed diagnoses (ICD/DSM codes), structured diagnostic interview data, treatment and hospitalization records, and longitudinal clinical cohorts documenting onset, course, and outcomes of psychiatric disorders. Exclude general health surveys without diagnostic measures, datasets that only record symptom levels without diagnostic mapping when diagnosis is required, or administrative data lacking reliable mental health coding.
7893	psychological needs	Datasets and empirical data collections measuring psychological needs, need satisfaction/frustration, or variables tied to need theories in surveys, experiments, longitudinal or intervention studies.	Include datasets containing validated measures of psychological needs (e.g., Basic Psychological Need Satisfaction and Frustration Scale, autonomy/competence/relatedness items), longitudinal panels tracking need-related trajectories, experimental/intervention trial data evaluating changes in needs, and cross-cultural datasets with need measures. Exclude datasets lacking psychological-need measures, administrative data unrelated to psychological constructs, or datasets that only record generic 'needs' without psychometric anchors.
34484	quality of health care	Datasets related to health care quality: clinical outcomes, hospital performance metrics, patient satisfaction surveys, quality indicators, audits, accreditation data, and administrative records used to study quality.	Relevant data include patient-level clinical outcomes (mortality, readmission), process measures (guideline adherence), safety incident reports, HCAHPS or equivalent patient experience surveys, hospital/provider performance registries, and datasets enabling quality comparisons over time or between providers. Exclude data that do not include quality-related indicators (purely cost data without quality measures), or health surveys lacking health care utilization or quality variables.
6086	refugee	Datasets on refugee populations: registration data, surveys, longitudinal cohorts, health assessments, service utilisation records, and qualitative data collections specific to refugees/asylum seekers.	Include population registers, UNHCR/refugee agency datasets, health screening datasets for refugees, survey data on integration/employment/education, longitudinal studies tracking refugee outcomes, and qualitative interview collections describing refugee experiences. Exclude datasets on general migrants where refugee status cannot be determined, aggregated country-level migration statistics without refugee-specific variables, or purely theoretical model outputs with no empirical refugee data.
1156	religion	Datasets containing religion-related variables: surveys and studies measuring affiliation, attendance, beliefs, practices, and the social effects of religion (e.g., EVS, WVS, ESS modules).	Include cross-national surveys (World Values Survey, European Values Study), national religion modules, church membership and attendance registers, longitudinal panels with religiosity measures, and qualitative interview datasets exploring religious life. Exclude datasets lacking religion/religiosity variables, or data on unrelated organizational 'religions' (e.g., workplace cultures) that do not measure faith or belief.
35282	religion und weltanschauung	Datasets covering religion and worldviews: surveys and studies that capture religious affiliation alongside worldview/life stance variables (secularism, humanism, philosophical beliefs), church-state relations and worldview policies.	Include datasets with items on religious affiliation and non-religious worldviews (humanism, secular worldview, other life stances), measures of worldview importance, legal status of worldviews, and attitudes toward religion and secularism. Exclude datasets that record only formal religious affiliation without any measures of worldview or life stance, and data from unrelated cultural or philosophical studies without empirical worldview indicators.
35290	religion und werte	Datasets and study collections measuring religiosity, religious affiliation, belief, practice, and value orientations (including German or comparative European surveys).	Relevant data are survey datasets, longitudinal studies, and cross-national data that contain variables on religious affiliation, frequency of practice, importance of religion, belief, spiritual practices, and measures of personal or social values (e.g. Schwartz value items, moral value scales). Include data from national surveys, church-research datasets, EVS/WVS, Eurobarometer modules, and German panel studies with religion/value items. Exclude datasets that do not include any religion- or value-related variables, administrative records with only institutional details, or exclusively theological source data without social-science measures.
31054	schule	Datasets pertaining to schooling: student assessments, school surveys, administrative school records, and panel studies tracking pupils in primary/secondary education.	Relevant data include large-scale assessments (PISA, TIMSS, PIRLS), national student assessments, school-level administrative data (enrollment, attainment, class size), teacher and school leader surveys, longitudinal cohort data following students through school, and intervention evaluation datasets. Include data describing school type, curricula, SES composition, teacher qualifications, and student achievement. Exclude datasets limited to tertiary education, workplace training, or datasets lacking any school-related variables.
33106	self esteem deutsch	Datasets measuring self-esteem in German-speaking populations, including surveys and longitudinal studies that include validated German self-esteem scales.	Relevant data contain self-esteem measures (e.g. Rosenberg Self-Esteem Scale German translation, domain-specific self-worth scales) collected in Germany, Austria, Switzerland, or German-speaking subsamples of international studies. Include datasets with item-level responses, scale scores, and metadata on translation and psychometrics. Exclude datasets lacking any self-esteem variables, or datasets where 'self esteem' is not clearly operationalized or measured in German.
3332	self determination	Datasets containing measures of self-determination, autonomy, basic psychological needs, and related motivational constructs from experimental, longitudinal, or survey studies.	Relevant datasets include those with scales for autonomy, competence, relatedness, causality orientations, intrinsic/extrinsic motivation measures, or SDT-based intervention outcomes. Include data from educational, occupational, clinical, and community samples where self-determination constructs are measured. Exclude datasets that only contain legal, administrative records of 'self-determination' (e.g. guardianship decisions) without psychological measures.
1259	sexuelle orientierung	Datasets containing measures of sexual orientation (identity, attraction, behavior), experiences of discrimination, and related health or social variables in German-speaking or comparative contexts.	Relevant data include surveys and cohort studies with items on sexual identity, romantic/sexual attraction, sexual behavior, coming-out history, experiences of stigma or discrimination, mental and physical health indicators by orientation, and policy-related variables. Include datasets that provide clear variable coding for orientation and allow subgroup analyses. Exclude datasets without any sexual-orientation measures or with ambiguous/non-disaggregated sexual behavior items that cannot be linked to orientation.
4953	sinn der arbeit	Datasets and study data that contain survey, interview, or administrative measures related to workers' perceptions of meaning, purpose, or meaningfulness in their work.	Relevant datasets are quantitative surveys or qualitative interview corpora with variables or items capturing meaning of work, work values, sense of calling, meaningfulness scales (e.g., Work and Meaning Inventory), or open-ended responses about why work matters. Include cross-sectional, panel, or life-course datasets covering occupational groups, employees, or unemployed persons where questions target the psychological or social meaning of work. Exclude datasets solely about labor market status, wages, or performance metrics without attitudinal items about meaning; exclude datasets on leisure or volunteering unless they explicitly measure perceived meaning as part of work identity.
1537	social media	Datasets containing social media data or data about social media use (e.g., survey responses, harvested posts, network data, API-derived datasets).	Include datasets of user-generated content from platforms (Twitter/X, Facebook, Instagram, TikTok, Reddit, etc.), social network graphs, topic-labeled corpora, survey data on social media use and attitudes, and observational datasets derived via APIs or scraping (with ethical documentation). Also include datasets combining social media behavior with survey or administrative variables. Exclude datasets that only mention 'social media' but contain no platform-specific measures, and exclude raw web crawl data unrelated to social platforms.
37900	social media survey	Survey datasets where the survey instrument is specifically about social media usage, attitudes, platform comparison, or related behaviors.	Include cross-sectional and panel survey datasets focused on social media topics (e.g., digital media use surveys, national media panels with social media modules), with documentation of sampling, questionnaire, and variables. Datasets combining survey responses with social media trace data (linkage to profiles or posts) are relevant. Exclude datasets where social media is only a peripheral variable with no dedicated module, and exclude non-survey social media datasets (e.g., scraped posts) unless merged with survey data.
37915	social media nutzung	Datasets documenting social media usage (Nutzung) via surveys, logs, or linked trace data, preferably with German-language instruments or samples from German-speaking populations.	Include datasets capturing usage frequency, duration, platform-specific activities, motives, and demographic correlates. Particularly include German national media surveys, European media panels with social media modules, and datasets combining survey self-reports with platform log data. Exclude datasets that mention social media only as a control variable or lack substantive usage measures; exclude purely technical platform metrics without user context.
5535	social presence	Datasets containing measures of social presence from surveys, experiments, classroom studies, or platform evaluations, including psychometric data from scale validations.	Relevant datasets include experimental data where social presence is manipulated or measured, survey data from online learners or remote workers including social presence scales, and datasets with repeated measures of perceived social presence. Include datasets from studies validating social presence instruments and linking presence scores to outcomes (engagement, learning, collaboration). Exclude datasets without explicit social presence items or those measuring only technological features (bandwidth) without subjective presence measures.
38133	sozial	Datasets and study collections that capture social variables or are described as social surveys, social statistics, administrative data on social policy, or other data used to study social phenomena.	Include datasets labeled as social surveys, household surveys, social policy evaluations, social service administrative files, or any empirical data whose variables operationalize social constructs (e.g., welfare receipt, social participation, attitudes); include longitudinal and cross-sectional data relevant to social research. Exclude datasets that do not contain social variables (e.g., purely biological lab data) or where 'sozial' is only present in metadata without substantive social content.
5132	sozial kompetenz	Datasets that contain measures of social competence or related constructs (peer ratings, teacher reports, self-reports of social skills, observational coding) often from educational, developmental, clinical, or workplace studies.	Include datasets with variables explicitly labeled as measures of social competence, social skills, peer relations, prosocial behavior, or validated scales (e.g., Social Skills Rating System, Strengths and Difficulties Questionnaire subscales) and intervention trial data assessing effects on social competence. Exclude datasets lacking direct measures of social competence or that only include generic behavioral measures without mapping to social competence constructs.
1101	soziale ungleichheit	Datasets relevant to studying social inequality: household surveys, income/expenditure data, longitudinal cohort studies, administrative registers, social mobility data, and inequality-focused cross-national datasets.	Include datasets that provide measures of income, wealth, education, occupation, employment, health outcomes, social mobility, poverty indicators, and demographic covariates necessary for inequality research. Include administrative and register data used for distributional analysis. Exclude datasets that lack information on socio-economic position or outcomes of interest for inequality research, or datasets focused solely on non-social technical measures.
1706	soziale schicht	Datasets containing measures of social class: surveys with occupational codes, education and income measures, class categorizations, social mobility panels, and life-course studies suitable for class analysis.	Include datasets that allow derivation of class positions (detailed occupation codes, employment status, education, income) and that are used for class-stratification or mobility research (e.g., cross-sectional surveys, mobility matrices, longitudinal cohorts). Exclude datasets lacking occupational detail or socio-economic indicators necessary to assign class categories.
2521	soziale netzwerke	Network datasets: ego-network and whole-network surveys, communication logs mapped to social ties, collaboration/co-authorship networks, organizational network data, and longitudinal network panels.	Include data that represent interpersonal ties (friendship, advice, support), affiliation networks, communication/contact records used as proxies for social ties, and time-series or panel network data suitable for SNA. Include datasets with node and edge attributes enabling network analysis. Exclude datasets representing non-social technical networks (e.g., computer topology) or lacking relational information.
2589	soziale kontakte	Datasets containing measures of social contact or networks (e.g., contact diaries, egocentric network modules, time-use surveys, longitudinal panel data with contact items such as SOEP, SHARE, network modules, COVID contact studies).	Include microdata and aggregate datasets that capture number, frequency, type (face-to-face, phone, online), or quality of social contacts and networks. Accept diary/contact-matrix data, sociometric/network datasets, and modules within large surveys measuring social ties or isolation. Exclude datasets that do not include any measure of interpersonal contact (e.g., only economic indicators) or that mention 'contact' in administrative/business contexts.
3856	soziale interaktion	Datasets derived from observational coding, conversation transcripts, interaction experiments, sensor-based interaction logs, and video/audio corpora capturing social interactions.	Include annotated transcripts, coded observational datasets (with interaction categories, turn-taking, gesture codes), wearable sensor datasets measuring proximity/interactions, and lab experiment data on interactive tasks. Accept datasets that permit analysis of micro-level behavior (timing, sequencing) and group interaction structures. Exclude datasets that only include high-level social indicators without direct interaction measures.
39837	soziale validität beruf	Datasets from program evaluations and surveys that include measures of social validity, stakeholder satisfaction, perceived relevance/acceptability of work interventions, and employment outcomes linked to social validity assessments.	Include quantitative and qualitative datasets from vocational training evaluations, job-placement programs, disability employment services, and workplace accommodation studies that record participant/employer ratings of acceptability, goals' importance, feasibility, implementation fidelity, and subsequent employment outcomes. Exclude administrative employment data without measures of perceived acceptability or social relevance.
40249	soziale herkunft	Datasets that record parental/household background: cohort studies, longitudinal panels and surveys with parental education, occupation and income (e.g., SOEP, PISA, cohort studies, microcensus, SHARE).	Include datasets enabling analysis of social origin and intergenerational transmission: birth cohorts, school-leaver panels, household surveys with retrospective parental information, and administrative matched parent-child records. Accept data with parental occupation codes, education levels, household income and indicators of cultural resources. Exclude datasets lacking any parental/background measures.
4034	soziale ungleichheit	Datasets relevant to studying social inequality: household/individual surveys, income and wealth panels, labor-force surveys, EU-SILC, SOEP, LIS, OECD datasets, administrative tax/earnings records and health disparity datasets.	Include microdata and aggregate data that permit measurement of distributional outcomes (income, consumption, wealth), social gradients (health, education), and subgroup disparities (gender, migrant status). Include longitudinal panels for mobility analysis and international harmonized datasets used in comparative inequality research. Exclude datasets that lack distributional or subgroup indicators.
40514	soziale kompetenz	Datasets and study data that measure social competence or closely related indicators: standardized scale scores, observational coding of social interaction, teacher/parent/peer ratings, longitudinal panel data with social-skill measures, intervention trial data with pre/post social competence outcomes. Includes raw/processed survey data, observational video/audio files with coding schemes, and dataset documentation.	Relevant: datasets containing explicit measures of social competence (e.g., validated scale scores, social skill ratings, observational codes) or items clearly mapped to the construct across age groups and settings. Include datasets from field trials, longitudinal cohorts, school assessments and clinical studies. Not relevant: datasets that only include general social-demographic variables, datasets about organizational performance, or datasets mentioning 'social' in other contexts (e.g., social media metrics) without individual social competence measures.
40674	soziale arbeit	Datasets related to social work practice and services: case management records (anonymized), administrative records from child welfare, social service utilization data, evaluation datasets from social work interventions, needs assessments, surveys of social workers and clients, and longitudinal studies of client outcomes.	Relevant: data collections used to study social work processes, client outcomes from social services, workforce surveys of social workers, evaluation trials of social work interventions and administrative datasets from social service agencies. Include documentation and metadata enabling reuse. Not relevant: general population surveys without identifiable social work variables, clinical trial data unrelated to social service contexts, or raw administrative data without documentation enabling identification of social work-related variables.
41348	soziale medien nutzung	Datasets capturing social media use: self-report survey data about use patterns and motives, longitudinal panels on digital media behavior, digital trace data (API extracts, logs, screen-time measures), time-use datasets with social media variables and multimodal datasets combining surveys with passive measurement.	Relevant: datasets that quantify or qualify social media usage (frequency, duration, platform-specific metrics, engagement measures, content interactions), including both self-report and passive-tracking data, with documentation on collection methods and consent. Not relevant: data about social media companies' internal metrics without user-level behaviors, datasets only about general internet access without social media variables, or raw platform data lacking ethical/consent documentation.
41495	soziale medien	Datasets related to social media content and dynamics: platform-derived datasets (posts, comments, network ties), content annotations (topic labels, misinformation flags), engagement metrics, comparative corpora across platforms, and combined datasets linking social media content to surveys or administrative data.	Relevant: datasets containing social media content, metadata, interaction networks, annotated corpora and integrated datasets linking social media activity with external measures (e.g., election results, health indicators). Include documentation on collection methods and ethical considerations. Not relevant: datasets that only reference social media at a high level without content/interaction data, or proprietary/platform-internal datasets inaccessible for research.
41546	soziale netzwerke	Network datasets: adjacency matrices, edge lists, ego-networks and whole-network data (offline and online), temporal/dynamic networks, multiplex networks, labeled ties, and linked actor attributes used for SNA and diffusion studies, with accompanying metadata and collection protocols.	Relevant: datasets representing relational ties among actors suitable for SNA (e.g., friendship matrices, communication logs, collaboration networks), including longitudinal and multiplex network data and documentation on tie definition and sampling. Not relevant: datasets that only contain individual-level variables without relational ties, or network-like data from technical/IT networks (e.g., packet flows) not mapping to social relations.
41646	soziale mobilität	Microdata collections and longitudinal datasets containing origin and destination socioeconomic indicators (parental education/occupation/income and respondent’s education/occupation/income) suitable for measuring mobility.	Include panel and retrospective data that permit construction of mobility matrices or mobility indices (e.g. SOEP, longitudinal cohort studies, national microcensus modules, ESS with retrospective questions). Data must allow linking parental/background characteristics to adult outcomes by cohort or birth-year to analyse intergenerational mobility. Exclude datasets without origin or destination socioeconomic measures or those focused solely on geographic movement.
5263	soziale herkunft	Datasets containing measures of family background and childhood circumstances (parental education/occupation, household income, material resources, cultural capital indicators, migration background).	Include surveys and cohorts that collect parental and childhood information (e.g. SOEP, NEPS, PISA, microcensus modules, cohort studies) enabling analysis of effects of social origin on later outcomes. Prefer data with retrospective childhood modules or linked parent–child information. Exclude data lacking any parental/background indicators or only capturing place of birth without family socioeconomic measures.
40086	sozio politische einstellungen	Survey data sources that measure political and social attitudes at individual level (e.g. ALLBUS, ESS, Eurobarometer, CSES, national election studies, Politbarometer, panel surveys with political modules).	Include cross‑sectional and panel datasets containing standard items on ideology, party choice, political trust, policy preferences, civic engagement and related socio‑demographic covariates. Data should allow analysis of attitude distributions, correlates, and change over time. Exclude datasets without political attitude measures or that only include aggregated electoral returns without individual-level responses.
2741	sport	Datasets measuring sport participation and physical activity (surveys and health studies with sport modules, e.g. national health surveys, Eurobarometer sport/physical activity modules, sport-specific surveys and fitness studies).	Include cross‑sectional and panel data that record frequency, type, duration and intensity of sport or physical activity, club membership and related socio‑demographic variables. Relevant sources include national health surveys (e.g. DEGS), sport participation surveys and international comparative datasets. Exclude datasets that do not contain sport/physical activity measures or only administrative records of elite sport without population participation data.
37003	stress lehrer	Survey and administrative datasets that include measures of teacher stress, burnout, mental health, working conditions and organizational factors (e.g. TALIS, national teacher surveys, occupational health studies with teacher subsamples).	Include datasets with occupation-specific modules for teachers measuring perceived stress, burnout scales, workload, support and classroom conditions (e.g. OECD TALIS, national education workforce surveys, teacher panels). Data should allow linking stress to organizational or student-related variables. Exclude datasets lacking teacher identifiers or any measures of stress/psychosocial working conditions.
37018	stress pflege	Datasets and study data related to stress among nursing personnel: survey data, longitudinal cohort data, observational studies, and intervention trial datasets that measure stress or related outcomes in nursing populations.	Include: datasets from cross‑sectional and longitudinal occupational health surveys of nurses, workplace intervention trials (randomized or quasi‑experimental) targeting stress reduction in nursing, qualitative interview/transcript datasets from nurses on stress, administrative data linking staffing/shift patterns to stress outcomes, and physiological datasets collected in nursing samples (e.g., cortisol) if tied to psychological stress measures. Exclude: datasets that do not include nurses or that do not measure stress, and anonymized aggregated hospital statistics without individual stress measures.
37020	stress und arbeitnehmer	Employee‑level datasets measuring occupational stress, working conditions, and related outcomes from company surveys, national labour studies, cohort studies and intervention evaluations.	Include: company or sector surveys on psychosocial working conditions, national occupational health datasets, longitudinal cohort data linking job characteristics to health outcomes, administrative HR data linked to stress measures (sick leave, turnover), and datasets from trials of workplace stress interventions. Exclude: data that do not contain measures of work‑related stress or that only include non‑employee populations.
37039	stress und coping	Datasets capturing both stress exposures and coping responses: surveys, diary studies, experimental data, and intervention trial data that assess coping and stress outcomes.	Include: cross‑sectional and longitudinal survey data with coping and stress measures, ecological momentary assessment (EMA)/diary datasets tracking stress and coping in real time, intervention datasets testing coping training, and clinical trial data where coping is an outcome or mediator. Exclude: datasets lacking coping measures or only measuring coping vaguely without validated scales.
37044	stress und burnout	Datasets containing measures of stress and validated burnout scales, including longitudinal cohorts, occupational surveys, and intervention trial data assessing burnout outcomes.	Include: workplace and cohort datasets with both stressor measures and burnout outcomes (MBI, CBI, OLBI), longitudinal data suitable for temporal analyses of stress predicting burnout, randomized and non‑randomized intervention datasets evaluating stress reduction and burnout change, and administrative HR data linked to burnout measures. Exclude: datasets without validated burnout measures or without measures of stressors/appraisals.
37048	stress und bgm	Data from workplace health management programs and evaluations: company program data, pre/post intervention measurements, quasi‑experimental and randomized evaluations, and implementation/process datasets focused on stress outcomes.	Include: program evaluation datasets measuring stress or psychosocial work factors before and after BGM interventions, participation and uptake data, organizational-level indicators (sick leave, productivity) linked to BGM, process evaluation data (implementation fidelity, barriers), and cost data for BGM initiatives. Exclude: datasets from health promotion programs that do not measure stress or psychosocial outcomes and datasets from clinical settings divorced from workplace management strategies.
37090	stress arbeitsplatz	Datasets and survey data measuring work-related stress, workplace conditions, and occupational health outcomes, especially those with German samples or workplace-level measures.	Include cross-sectional and longitudinal datasets, cohort studies, employee surveys, organizational audits, and administrative data that contain variables on job demands, control, effort-reward imbalance, social support, burnout, sickness absence, and related health or performance outcomes. Examples: national working conditions surveys, enterprise surveys, panel studies with employment modules. Exclude datasets that only record physical/chemical exposures without psychosocial or health measures, and datasets unrelated to employment or workplace context.
37104	stress am arbeitsplatz	Empirical datasets and survey collections that document stress experienced at the workplace, including employee surveys, occupational health registries, and company-level assessments.	Relevant data resources are those that provide measures of stress specifically 'at the workplace' such as workplace surveys, occupational cohort datasets, administrative records of work-related absenteeism or disability, and intervention trial data collected in work settings. Include datasets with contextual workplace items (e.g., department, occupation, shift work). Exclude datasets that do not differentiate workplace stress from other stress domains.
4160	stress	Datasets that capture measures of stress or stress-related constructs across populations—survey data, cohort studies, experimental data, and psychophysiological datasets.	Include national and international surveys with stress measures (e.g., PSS items), longitudinal cohorts tracking stress and health outcomes, laboratory/experimental datasets on stress responses, and datasets combining biomarkers (cortisol, heart rate variability) with psychosocial measures. Exclude datasets where 'stress' is absent as a measured construct or used in unrelated technical contexts.
36787	sustainability	Datasets that measure sustainability-related attitudes, behaviors, practices, and indicators—including surveys (e.g., Eurobarometer, ISSP modules), consumption panels, corporate sustainability datasets, and environmental indicators linked to social data.	Include cross-national and national surveys with sustainability items, datasets on household or firm-level sustainable practices (energy use, recycling, transport choices), longitudinal studies of environmental behavior change, and datasets linking social variables to environmental indicators. Also include data on SDG indicators where social variables are present. Exclude datasets solely focused on technical environmental measurements without social/behavioral variables.
729	trust	Datasets containing trust measures (e.g., World Values Survey, European Social Survey, ISSP, national surveys) and experimental datasets from trust games and lab/field experiments.	Include large-scale surveys with trust items (generalized trust question, confidence in institutions), panel datasets tracking trust over time, datasets from behavioral experiments (trust games, investment games), and administrative data linked to trust-related outcomes. Also include datasets measuring organizational or institutional trust. Exclude datasets where 'trust' is absent or used in unrelated technical contexts.
24652	umweltbewusstsein in deutschland	Survey and observational datasets that contain measures of environmental awareness, attitudes, beliefs, knowledge or self‑reported environmental behaviour for respondents in Germany.	Include datasets with German national or subnational samples (or pooled/comparative surveys with identifiable German cases) that include items on environmental concern, climate change belief, environmental knowledge tests, willingness to pay for environmental goods, recycling/consumption behaviours, or related items (e.g. SOEP modules, ALLBUS, ISSP Environment, Eurobarometer subsets, country slices of ESS). Also include longitudinal panels with repeated measures of environmental awareness in Germany. Exclude raw environmental monitoring or ecological sensor data that do not measure human attitudes or behaviour, and datasets with no identifiable German respondents.
24946	umweltschutz	Datasets and data collections related to environmental protection: policy indicators, public opinion on protection measures, protected area statistics, emissions mitigation data and data on participation in environmental protection activities.	Include datasets documenting environmental policy instruments and outcomes (protected areas, Natura 2000 sites, emissions by sector), survey data on public support for environmental protection and participation in conservation (national surveys, Eurobarometer, ISSP, ESS, NGO membership data), and administrative datasets on regulatory compliance or program uptake. Exclude raw ecological monitoring datasets that do not relate to protection policy or human responses, and datasets unrelated to protection (e.g. purely biodiversity inventories without protection context).
23986	ungleichheit	Microdata and aggregated datasets used to measure socioeconomic inequality: household surveys, administrative tax and social security data, wealth surveys and comparative datasets with inequality indicators.	Include SOEP, EU‑SILC, German Income and Expenditure Survey, national tax/administrative microdata, household wealth surveys, LIS, OECD distributional datasets, and other data sources that allow analysis of income/wealth/consumption distributions, poverty rates and intergenerational mobility. Datasets should provide variables needed for inequality measurement (income components, household composition, sampling weights). Exclude datasets that do not permit distributional analysis (e.g. purely qualitative case studies without measurable economic indicators).
23829	unkonventionelle politische partizipation	Datasets that measure participation in protests, signing petitions, boycotting, online political actions, and other non‑electoral forms of political engagement.	Include survey sources with items on unconventional participation (e.g. Eurobarometer, ESS items on protest and petitioning, ALLBUS modules, GESIS protest/activism modules), event datasets capturing protests/demonstrations (national protest event data, project event data for Germany), and digital trace datasets from petition platforms or social media when they document non‑conventional participation. Exclude datasets limited to electoral turnout or party membership if they do not include unconventional participation measures.
3311	verantwortung für umweltprobleme	Datasets containing survey items or experimental measures about perceived responsibility for environmental degradation, climate change and related problems, specifying agents held responsible.	Include survey modules (ISSP Environment, Eurobarometer, ESS slices, national surveys) that ask respondents whether individuals, governments, corporations, or other actors are responsible for environmental problems and about who should act. Also include experimental datasets testing causal attributions or interventions to shift responsibility perceptions. Exclude datasets that only measure ecological conditions without data on human attributions or normative beliefs.
1719	vertrauen	Datasets and survey data that contain measures of trust (vertrauen): cross‑national surveys, panels, experiments and administrative datasets with trust items or trust behavior measures.	Include raw and processed datasets, codebooks and variable documentation from large surveys (e.g., ESS, World Values Survey, Eurobarometer, GESIS data collections), national surveys and panel studies with items measuring interpersonal or institutional trust, experimental datasets (trust games, behavioral measures), and scales data where 'vertrauen' items are present. Metadata and documentation enabling reuse (variable descriptions, sampling, weighting) should be included. Exclude datasets that do not contain explicit trust measures (no self‑report or behavioral trust indicators), data about legal trusts or financial instruments, or datasets lacking sufficient documentation to identify trust variables.
25598	vertrauen in technologie	Datasets containing measures of trust in technology: surveys, experiments, log data and field studies capturing users' trust in specific technologies or automation.	Include data from lab and field experiments on human‑automation trust, survey datasets with trust‑in‑technology items (e.g., trust in online platforms, AI systems), usability studies with trust ratings, and longitudinal/adaptive datasets measuring changes in trust after exposure to technology. Also include anonymized interaction logs that are used to infer trust (e.g., reliance actions). Exclude datasets without explicit trust measures, datasets only about technology usage or acceptance where trust is not measured, and proprietary datasets lacking documentation on trust variables.
25616	vertrauen in politik	Datasets measuring political trust: national and international surveys, panel data, election studies and experimental datasets containing items on trust in political actors and institutions.	Include datasets such as ESS, European Social Survey, Eurobarometer, Comparative Study of Electoral Systems, national election studies and longitudinal panels that include items on trust in government, parliament, parties, and politicians. Include experimental datasets testing messaging effects on political trust and administrative data used to validate trust measures. Exclude datasets without explicit political trust items or that measure political attitudes only indirectly without trust constructs.
185	work life balance	Datasets related to work–life balance: surveys, panel studies, organizational datasets and intervention trial data containing measures of work–life balance, work–family conflict, time use and related outcomes.	Include national time‑use studies, labour force surveys with work–life balance items, panel datasets (e.g., German Socio‑Economic Panel) containing work–family conflict/facilitation measures, employer survey data on flexible work policies, and evaluation datasets from workplace interventions. Include codebooks and variable descriptions for work hours, caregiving responsibilities, flexibility and well‑being indicators. Exclude datasets lacking any measures of work–life balance or time use, and administrative payroll datasets without relevant survey components.
30368	work	Datasets on work and employment: labour force surveys, panel studies, employer surveys, occupational classifications and administrative employment records.	Include national labour force surveys, household panels (e.g., SOEP, EU‑LFS, ILO statistics), employer/establishment surveys, occupational skill and wages datasets, time‑use surveys for unpaid work, and administrative records with employment spells. Datasets should have variables on employment status, occupation, working hours, wages, job tenure and job quality. Exclude datasets that do not concern work or employment (e.g., purely clinical trials) and those lacking documentation on employment variables.
557	work family conflict	Individual-level datasets and survey studies that include measures of work–family conflict or family–work conflict, plus related covariates (work hours, job characteristics, family structure, wellbeing).	Relevant datasets: national and international surveys or panel studies that include validated WFC/FWC items or multi-item scales (e.g., items from Netemeyer, Carlson, Frone), time-use diaries linked to family and work demands, workplace surveys with family conflict modules, longitudinal panels tracking work and family outcomes. Include datasets with variables for work schedules, childcare, spousal employment, health and wellbeing to permit analysis of antecedents and consequences. Exclude: aggregate or organizational-level datasets without individual WFC measures; datasets only about macro labor market statistics that lack individual role-conflict variables.
6171	work life conflict	Datasets and survey studies containing measures of work–life conflict or related constructs (e.g., boundary management, work–nonwork interference), plus contextual variables.	Relevant datasets: national and organizational surveys with work–life or work–nonwork conflict items, time-use studies capturing interference between work and non-work domains, panel data enabling longitudinal analysis of work–life conflict and outcomes. Include data with variables on flexible work practices, technology use for work, caregiving responsibilities, and wellbeing. Exclude: datasets that only measure general work satisfaction or leisure satisfaction without items on interference or conflict between domains.
29207	zufriedenheit ausbildung	Datasets and surveys that include measures of satisfaction with vocational education or apprenticeship training, plus related contextual variables (training firm characteristics, trainer support).	Relevant datasets: vocational training surveys and panels (e.g., National Educational Panel Study NEPS modules on vocational training, BIBB surveys of apprentices/training firms), datasets with trainee satisfaction items, training evaluation studies, longitudinal data linking training satisfaction to labor-market outcomes. Include data on training content, instructors, wages during training, and completion/dropout. Exclude: datasets that measure only general school satisfaction in primary/secondary education without vocational training focus.
29421	zufriedenheit	Surveys and panel datasets that include measures of life satisfaction or domain-specific satisfaction (e.g., SOEP, ESS, WVS, Eurobarometer).	Relevant datasets: large-scale national and international surveys and longitudinal panels with validated satisfaction items (overall life satisfaction, SWLS, job satisfaction items), interviews and experience sampling studies of subjective wellbeing, domain-specific modules linking satisfaction to socio-demographic and contextual variables. Exclude: administrative data lacking subjective satisfaction measures or datasets with only one-off, non-validated satisfaction items unless clearly labeled as measuring satisfaction.
6678	zufriedenheit und belastung	Datasets containing measures of both satisfaction and burden/strain (perceived stress, workload, burnout, caregiving burden), enabling analysis of their relationship.	Relevant datasets: surveys and panels that include validated satisfaction measures (life/job/training) and measures of burden such as Perceived Stress Scale, Maslach Burnout Inventory, Zarit Burden Interview, workload items, health and wellbeing indicators; caregiver studies with both burden and satisfaction indicators. Longitudinal data preferred for causal inference. Exclude: datasets that contain only satisfaction OR only burden measures, or administrative records without subjective burden/satisfaction items.
