qid	query	var_desc	var_narr
21958	meinung zu flüchtlingen	Variables and variable-level metadata capturing attitudes toward refugees/asylum seekers (single items and scales), related constructs (xenophobia, perceived threat, social distance, contact), and relevant sociodemographic controls.	Include variable descriptions and codes for items asking about opinions on refugees (e.g., 'Do you support accepting refugees?', 'Would you accept a refugee as a neighbor?'), scales measuring xenophobia or refugee acceptance, and variables on contact, media consumption, political ideology, age, education and region used as covariates. Exclude variables that only record migration status of respondents without any attitudinal content or variables about migration flows/policies without linking to public opinion.
478	allgemeine lebenszufriedenheit	Variable metadata for items and scales measuring general life satisfaction and related subjective well‑being indicators (item wording, response scales, scoring rules).	Include variables representing single‑item life satisfaction measures (with response ranges), composite scores from validated scales (e.g., SWLS total score), indicators for affective well‑being if used alongside life satisfaction, and standard demographic covariates. Provide coding information, missing value handling, and scale reliability where available. Exclude variables limited to domain satisfaction only unless accompanied by a global life satisfaction variable.
52564	allgemeine selbstwirksamkeit	Variables and metadata for items and scales measuring general self‑efficacy (item text, response categories, total scores, reliability statistics).	Include variable descriptions for each GSES item (or equivalent), computed total or mean scores for general self‑efficacy, reverse‑coding rules, and reliability (Cronbach’s alpha). Also include demographic covariates commonly used in analyses. Exclude variables that only reflect domain‑specific self‑efficacy constructs unless accompanied by a general self‑efficacy variable.
3147	antisemitismus	Variables capturing antisemitic attitudes and behaviours: items on stereotypes, social distance, conspiracy beliefs, Holocaust denial, experiences of antisemitic incidents, and related demographic/contextual covariates.	Include variable labels and item wording for antisemitism measures (e.g., agreement with antisemitic statements), coding for incident types, frequency counts, perpetrator/victim descriptors, and standard sociodemographic controls. Exclude variables that only measure general prejudice without items targeting antisemitic content.
3278	arbeit und beschäftigung	Variables describing employment and work: employment status, occupation, industry, working hours, contract type, wages, unemployment duration, job search and job quality indicators.	Include variable metadata for standard labour market items (employed/unemployed/out of labour force), ISCO/ISCO-88/ISCO-08/ISCO-08 mappings, NACE industry codes, hourly/daily/weekly hours, contract permanence, earnings (gross/net), unemployment spells and reasons for job separation. Also include variables on training, commuting, multipart job holdings and workplace characteristics. Exclude variables unrelated to labour market outcomes (purely educational test scores) unless used to analyse employment.
3284	arbeit belastung	Variables capturing workload and occupational burden such as job demands, working hours, physical workload, psychosocial risk scales, absenteeism, and health outcomes related to work.	Include variables measuring perceived workload, quantitative and qualitative job demands, time pressure, overtime, shift patterns, ergonomic strain, exposure to hazards, job control/decision latitude, effort-reward balance, burnout scales, stress, mental health symptoms, and sickness absence. Also include objective measures like recorded overtime hours, injury reports, and physiological stress markers if linked to work. Exclude generic stress variables with no linkage to occupational context.
55053	arbeit zufriedenheit	Variables representing global or facet-specific job satisfaction, affective and cognitive components of job attitudes, and related outcomes such as turnover intentions and organizational commitment.	Include variables for overall job satisfaction, satisfaction with pay, promotion opportunities, supervision, colleagues, work tasks, working conditions, and work-life balance; also include job engagement, commitment, turnover intention, and intention to stay. Include both single-item satisfaction measures and validated multi-item scales. Exclude variables that measure only organizational outcomes without an employee-reported satisfaction component.
55082	arbeit und betrieb	Variables describing firm/establishment characteristics and workplace arrangements such as firm size, sector, ownership, management practices, collective bargaining, shift systems, and workplace safety policies.	Include variables measuring establishment size, industry classification, ownership structure, presence of works councils or unions, HR practices (e.g. training, recruitment), shift organization, workplace safety measures, production technology, and employee composition by occupation. Include organizational outcome variables like productivity, absenteeism, and turnover at the firm level. Exclude variables that concern only individual attitudes without contextual linkage to the employing organization.
55098	arbeit und leben	Variables capturing work–life balance dimensions: work–family conflict/enrichment, flexible hours, telework, caregiving duties, commuting time, and perceptions of reconciliation between work and private life.	Include measures of work-to-family and family-to-work conflict, work–life balance satisfaction, number of hours in paid and unpaid work, schedule flexibility, telecommuting frequency, childcare use, caregiving time, and uptake of family leave. Include outcomes like mental health, relationship quality, and job retention as they relate to work–life integration. Exclude variables unrelated to family or private life (purely occupational variables without linkage to non-work responsibilities).
55428	arbeit	Core employment and work variables including employment status, occupation and industry codes, working hours, wages, contract type, job tenure, and measures of job quality and working conditions.	Include variables for employment/unemployment status, full-/part-time, temporary vs. permanent contracts, occupation (ISCO), industry classification, hourly/weekly earnings, working hours, shift work, job tenure, training, and measures of job satisfaction and health as they relate to work. Also include standard demographic covariates used in labor research. Exclude variables that do not pertain to employment or the nature of work.
55638	arbeit im wandel	Variables that measure aspects of occupational change and the evolving nature of work, including employment type, job tasks, skills and mobility indicators.	Relevant variables: occupational codes and classifications over time (ISCO, national codes), job tenure, job-to-job mobility, incidence of temporary/atypical contracts, teleworking/remote work indicators, automation/technology-exposure measures, skill requirements/skill use scales, task content measures, part-time/full-time status, firm restructuring indicators. Exclude: variables that only measure generic demographics with no link to work change and variables limited to a single point in time without temporal comparability when the query concerns change.
55684	arbeit und beruf	Variables that describe occupational status, job characteristics, career trajectories and vocational qualifications.	Relevant variables: occupation codes (ISCO, KldB), industry sector, job title, employment status (employee/self-employed), occupational prestige and skill level measures, vocational qualifications/training indicators, career path indicators (promotions, lateral moves), job tenure, full-/part-time status, and wage linked to occupation. Exclude: variables unrelated to employment or that only record employer identifiers without occupational detail.
55689	arbeit und arbeitszufriedenheit	Variables measuring job satisfaction, facets of satisfaction, and related predictors/outcomes (work conditions, pay, autonomy, health).	Relevant variables: overall job satisfaction scores, facet-specific satisfaction (pay, supervision, tasks), Likert-scale items or validated composite scores (e.g. MSQ, JSS), variables on working conditions (hours, autonomy, demands), psychosocial risk factors, turnover intentions, absenteeism and mental/physical health indicators. Exclude: generic happiness variables without explicit reference to work, and variables that only capture employer-side satisfaction (management satisfaction with workforce) unless linked to employee outcomes.
55130	arbeitsbedingungen	Variables capturing aspects of working conditions: physical demands, psychosocial factors, hours and scheduling, employment contract and safety exposures.	Relevant variables: physical workload, ergonomic risk factors, exposure to hazards (noise, chemicals), psychosocial measures (demands, control, social support), working time (hours, shift/night work, overtime), contractual form (temporary, permanent, agency), occupational safety incidents, and workplace accommodations. Exclude: variables that only identify occupation without information on the conditions of work, or variables limited to non-work environmental exposures.
3125	arbeitslosigkeit	Variables that define and measure unemployment status, duration, transitions, benefit receipt and job-search activities.	Relevant variables: unemployment status (according to ILO definition), start and end dates of unemployment spells, duration of unemployment, prior employment history, receipt and type of unemployment benefits, job-search intensity and methods, reason for job loss, re-employment indicators, and demographic correlates (age, education). Exclude: variables that only measure inactivity without distinguishing unemployment (unless clearly coded), and economic indicators at aggregate level without microdata linkage when individual-level analysis is intended.
57703	arbeitsweg	Variables that capture aspects of commuting: commute time, distance, travel mode, number of transfers, departure/arrival times, cost, congestion measures, and subjective commute satisfaction or stress.	Include measured or derived variables such as one-way travel time to work, round-trip commute duration, home–work distance, primary mode (car, public transport, bicycle, walking), multimodality indicators, peak/off-peak flags, route characteristics, commuting frequency, perceived commute stress, and exposures (air pollution, noise). Exclude variables that do not specify travel purpose or are aggregated mobility indices without work-specific attribution.
3474	arbeitszeit	Variables describing working time: weekly/annual hours, contractual vs actual hours, overtime, shift type, start/end times, irregularity, part-time/full-time status, and schedule control.	Include numeric measures (paid hours per week/day, overtime hours), categorical indicators (shift work, night work, weekend work, flexible schedule), timing variables (typical start and end times), measures of schedule variability and predictability, and subjective items on satisfaction with working hours and perceived work–life balance. Exclude variables that only indicate employment status without any temporal detail.
57292	ausländer	Variables indicating foreign or migrant status: country of birth, citizenship/nationality, migration background, year of arrival, residence permit type, language proficiency, and naturalization status.	Include primary identifiers (country of birth, citizenship, nationality), derived measures (first/second generation, length of stay, age at arrival), legal status descriptors (refugee/asylum seeker, permanent/temporary permit), and integration-related measures (host-language skills, employment in host-country jobs). Exclude variables that only approximate migration indirectly (e.g., surname) unless linked to validated migration markers.
4629	belastung von arbeit	Variables that quantify work-related burden: job demands, job control, effort-reward imbalance, physical load measures, exposure to hazards, perceived stress at work, and sickness absence related to work.	Include validated scales and items (e.g., demand, control, support scores), numeric measures of physical workload (lifting weight, repetition rates), records of occupational injury, frequency/duration of sick leave, and subjective measures of burnout or exhaustion attributable to work. Exclude variables that capture generic psychological distress without attributing cause to work contexts.
53421	belastung und arbeit	Variables capturing both work attributes and burden outcomes: job demands/control/support, physical exposures, work hours, plus stress, burnout, sickness absence, and performance metrics.	Include paired variables such as measures of workload and corresponding stress/burnout scores, objective workload indicators (hours, caseload) with health outcomes (sick days, mental health diagnoses), and organizational performance indicators linked to employee burden. Exclude isolated variables that do not permit connecting work characteristics to burden outcomes.
53418	belastungen am arbeitsplatz	Variables measuring types and intensity of workplace burdens, associated health outcomes and work-related consequences.	Include variables such as physical demands (lifting, repetitive movements), ergonomic risk scores, noise/chemical exposure levels, psychosocial demand/control/support scores, effort-reward imbalance, working hours/shift work, perceived workload, stress symptoms, burnout, musculoskeletal complaints, injury events, sick leave and absenteeism. Exclude generic mental health variables that lack linkage to workplace exposure or context unless usable as work-related outcomes.
2160	beruf	Core variables describing occupation, job classification and employment characteristics.	Include variables such as job title, occupational code (ISCO/SOC), industry code, employment status (employed, unemployed, self-employed), contract type (permanent/temporary), working hours, occupational class, occupational prestige and sector. Exclude variables that do not refer to the job/occupation dimension.
53913	beruf und bildung	Variables capturing educational attainment, qualifications and their mapping to occupations and career outcomes.	Include variables such as years of schooling, highest degree, ISCED/qualification codes, vocational certificates, field of study, training type, occupational code, job level, earnings, skill mismatch indicators and employment stability. Exclude generic academic performance measures that do not connect to occupational outcomes.
53953	beruf zufriedenheit	Variables measuring overall and facet-specific job satisfaction, and related attitudes and outcomes.	Include variables such as overall job satisfaction score, satisfaction with pay, tasks, supervision/co-workers, work-life balance, intrinsic/extrinsic satisfaction facets, turnover intention, organizational commitment and absenteeism. Exclude non-work-related well-being measures unless explicitly tied to occupational context.
4716	berufliche tätigkeit	Variables capturing employment participation, job tasks, working time and occupational activity characteristics.	Include variables such as employment status, hours worked, part-time/full-time indicator, primary job tasks, task complexity, occupational code, sector, employment spells, commuting and activity limitations at work. Exclude variables that only refer to non-work activities or general lifestyle measures.
4833	berufliche mobilität	Variables that operationalize occupational mobility and career change: number/timing of job changes, change in occupational status, promotion/demotion indicators, tenure, sector change, occupational class codes, transition reasons and mobility matrices.	Relevant variables measure job-to-job transitions (counts and dates), occupational codes before/after change (ISCO, national classifications), status/skill-level change (ISEI, EGP, prestige scores), promotion events, change in earnings, sector/industry change, geographic mobility for employment, employment status transitions (unemployed↔employed), and reasons for mobility. Exclude single-item variables only loosely related to mobility (e.g., current occupation only without prior history) or variables about organizational mobility of firms rather than individual career moves.
53691	berufliche einstellung	Variables capturing work-related attitudes: work values (e.g., autonomy, security, income importance), job satisfaction scales, occupational aspirations, career intentions, and attitudes toward vocational training and employment policies.	Relevant variables include Likert-scale items or indexes on importance of job attributes (security, income, status), measures of intrinsic/extrinsic work motivation, commitment to a profession, occupational aspirations and expectations, willingness to retrain, and evaluative items on vocational education. Exclude strictly behavioral variables (e.g., hours worked) or socio-demographic variables unless combined with direct attitude items.
53817	berufliches selbst 	Variables operationalizing the 'professional self': occupational self-efficacy scores, identity centrality, identification with occupation/profession, perceived competence, vocational self-concept dimensions and stability of career identity.	Include variables that measure confidence in performing occupational tasks, the importance of professional role to self-definition, statements of 'I see myself as a [profession]', measures of role conflict affecting professional identity, and scales for career commitment. Exclude generic self-esteem items unless explicitly framed in the occupational/professional domain.
54957	bewertung der sozialpolitik	Variables capturing evaluation of social policy: support/opposition to welfare programs, satisfaction ratings, perceived fairness/effectiveness, willingness to pay/higher taxes for social programs, and trust in welfare institutions.	Include Likert-scale or categorical measures of approval for specific social policies, overall satisfaction with the welfare state, perceived adequacy of benefits, perceived beneficiaries, and policy priority rankings. Also include variables on perceived redistribution preferences and willingness to finance policies. Exclude variables describing policy provision (eligibility, benefit amounts) unless paired with attitudinal assessments.
54952	beziehung führungskraft	Variables operationalizing the relationship with a supervisor: LMX scores, perceived supervisory support, trust in supervisor, frequency/quality of feedback, conflict/abuse indicators, and presence/quality of mentoring.	Include validated measures such as LMX-7 items or composite scores, scales of perceived supervisor support, items on feedback frequency and developmental support, ratings of fairness and conflict with supervisor, and indicators of mentoring and sponsorship. Exclude generic management-level variables that do not capture the employee’s perception of their direct relationship with a supervisor.
54354	bildung erwachsen	Variables capturing adult learning status and context: participation in courses, type of course, frequency/duration, modes (formal/non-formal/informal), motives, barriers, prior education, employment status, age, outcomes (skills, employment changes), and institutional affiliations.	Include variables indicating adult education participation (binary/counts), course type and subject, hours spent in training, certification obtained, reasons for participation, obstacles to participation (cost, time, childcare), socioeconomic indicators (age, gender, education level, occupation), and measurable outcomes (literacy/numeracy scores, employment transitions, wage changes). Exclude variables strictly about school curricula, childhood learning milestones, or biomedical health measures unrelated to adult learning outcomes.
46134	care arbeit	Variables describing caregiving activity and context: caregiver status, hours of care provided, type of care tasks, paid/unpaid status, employment conditions, wages, training, relationship to care recipient, and care-recipient needs.	Include variables indicating whether respondent is an informal or formal caregiver, weekly hours spent on caregiving, types of activities (personal care, medical assistance, household tasks), employment status and sector, contract type, wage level, access to training, extent of state support, care recipient characteristics (age, disability level), and measures of caregiver burden and wellbeing. Exclude variables that do not disaggregate care-specific activities or that only measure general household tasks without caregiving intent.
45765	climate change attitudes	Attitudinal variables: belief in anthropogenic climate change, perceived severity and risk, concern level, worry, perceived personal and societal impact, behavioral intentions, policy support, trust in science, and climate-related values and norms.	Include variables measuring belief in climate change existence and causes (human vs natural), degree of concern or worry, perceived risk to self/community/nation, willingness to change behavior (e.g., reduce energy use, accept costs), support for specific policies (carbon tax, renewables, regulation), trust in scientific expertise, political ideology, and self-reported mitigation/adaptation actions. Exclude variables that only measure environmental attitudes in a generic sense without explicit mention of climate change.
81	climate change	Physical and social variables relevant to climate research: atmospheric temperature, precipitation, greenhouse gas concentrations, emissions by sector, sea-level, extreme event counts, vulnerability indices, adaptation measures, mitigation policy indicators, and socio-economic covariates.	Include variables capturing climate system metrics (mean/seasonal temperatures, anomalies, precipitation), emissions metrics (CO2, CH4 by source/sector), frequency/magnitude of extreme events, exposure and vulnerability measures (population at risk, infrastructure), policy variables (carbon pricing, renewable share), and socio-economic controls (GDP, demographics, land use). Exclude variables unrelated to climate processes or impacts (e.g., unrelated economic microdata without linkage to climate exposure).
43417	conceptions of democracy	Variables reflecting conceptions and evaluations of democracy: support for democracy, preferred democratic attributes (participation, competition, rights), satisfaction with democracy, tolerance of non-democratic alternatives, perceived legitimacy, and related political attitudes.	Include variables that ask respondents to define or choose what democracy means, rate importance of democratic elements (free elections, civil liberties, social justice), measure satisfaction with democratic performance, tolerance for authoritarian alternatives, trust in democratic institutions, and behavioral indicators like voting or protest participation tied to democratic beliefs. Exclude variables unrelated to conceptions (e.g., electoral results) unless used as contextual covariates.
43159	consumer behavior	Variables measuring aspects of purchasing behavior, preferences, attitudes, and demographic correlates relevant to consumption.	Include variables such as purchase frequency, spending/expenditure, product choice, brand awareness, willingness-to-pay, price sensitivity, purchase intention, satisfaction, loyalty, impulse buying, consumption occasions, and socio-demographics (age, income, household composition). Exclude firm financial indicators (profits, revenues) or macroeconomic aggregates that do not represent consumer-level behavior.
43910	covid	Variables that capture infection status, clinical outcomes, preventive behaviors, and pandemic-relevant attitudes and exposures.	Include variables such as SARS-CoV-2 test result, PCR/antigen status, symptom onset and severity, hospitalization, ICU admission, vaccination status and dose dates, compliance with NPIs (mask use, distancing), mobility indices, exposure history, serology results, and pandemic-related mental-health indicators. Exclude generic health variables that are not linked to COVID-19 without clear relevance.
1326	demokratie	Variables capturing regime type, political participation, civil liberties, institutional arrangements, and democratic attitudes.	Include variables such as regime classification (democracy/autocracy), electoral competitiveness, turnout, protest participation, trust in institutions, satisfaction with democracy, freedom of press indices, judicial independence, civil liberties scores, and party-system fragmentation. Exclude economic or social variables unless used to analyze their relationship with democratic outcomes and explicitly labeled as part of democracy research.
1635	depression	Variables that quantify depressive severity, diagnosis, symptom profiles, treatment, and correlates.	Include variables such as depression diagnosis (DSM/ICD), symptom scores (PHQ-9, BDI, CES-D scores), onset age, episode duration, remission status, suicide ideation/attempts, treatment type and adherence, comorbid anxiety, psychosocial stressors, and functional impairment. Exclude generic mood descriptors without validated measurement or clinical relevance.
50072	digital	Variables describing access to, use of, skills with, and impacts of digital technologies.	Include variables like internet access (broadband, mobile), frequency and type of online activities, digital literacy/digital skills scores, device ownership, platform engagement metrics, e-government service usage, teleworking frequency, and measures of digital inequality. Exclude variables that are unrelated to digital technology usage or that refer only to offline phenomena without a digital link.
2185	digitale kompetenz	Variables capturing digital competence constructs and closely related indicators.	Include variables that measure or proxy digital competence: objective test items/scores for digital tasks, composite competency indices, validated scale items (self-efficacy in digital tasks, digital problem solving), frequency of technology use for work/study, participation in digital training, familiarity with software/tools, and domain-specific digital skills (e.g. information evaluation, coding). Include sociodemographic variables and educational attainment as control variables when reported alongside competence measures. Exclude variables that only record device or network characteristics without behavioral or skill interpretation.
49398	digitalisierung und arbeit	Variables measuring digitalization at work, job tasks, automation risk and labor outcomes.	Include variables capturing firm-level ICT adoption, presence of automation/AI, use of specific digital tools, frequency and intensity of digital task performance, job task descriptors, occupational task scores (e.g. routine vs non-routine), training in digital skills, telework incidence, contract type, wages, hours, employment status, job stability, productivity measures and health/wellbeing indicators related to digitalization. Also include industry, occupation codes, and demographic controls. Exclude variables only about consumer online behavior not tied to employment.
5051	digitalisierung am arbeitsplatz	Variables measuring digitalization processes and consequences at the workplace level.	Include variables recording presence and type of workplace digital technologies (software, automation, collaboration tools), measures of task redesign, digital skill requirements, training provided, changes in work organization (remote work, flexible scheduling), productivity/performance metrics, absenteeism, occupational health outcomes, and employee perceptions of change. Include workplace identifiers, sector, size and management practices. Exclude variables that only indicate consumer device ownership or household internet access without workplace context.
50992	digitalisierung arbeit	Variables reflecting digitalization exposure at job, worker and firm levels, and associated labor outcomes.	Include measures of ICT use intensity, automation indicators, digital task frequency, required digital competencies, teleworking prevalence, platform work indicators, job insecurity, wages, productivity, and employment transitions. Also include occupational codes, industry identifiers and demographic controls. Include variables capturing training, upskilling and management responses. Exclude variables solely describing individual leisure internet use.
50011	diskriminierung in schulen	Variables that measure discrimination, inequality and related constructs in school contexts.	Include variables indicating student demographics (ethnicity, migration background, language status, socioeconomic status, disability status, gender, religion), indicators of school processes (tracking/streaming, streaming recommendations, special education placement), disciplinary records (suspensions, expulsions), teacher assessments/grades, test scores, measures of experienced discrimination or perceived bias, inclusion/exclusion indicators, and school-level composition and resources. Include variables capturing anti-discrimination measures or interventions. Exclude variables that cannot be disaggregated by group characteristics and therefore cannot inform discrimination analyses.
505	diskriminierung	Variable definitions and codebooks capturing measures of discrimination: self-reported experiences, perceived discrimination scales, victimization items, audit outcomes, complaint counts, and proxy indicators.	Relevant variables are those explicitly measuring discrimination (e.g., 'experienced discrimination in last 12 months', 'ever treated unfairly because of ethnicity', perceived workplace discrimination scales), variables capturing discriminatory behaviors in experiments or audits (e.g., callback rates by applicant characteristic), and administrative indicators (complaints filed, decisions overturning discrimination claims). Exclude demographic variables that do not operationalize discriminatory experiences, and variables with ambiguous labels not tied to discrimination concepts.
1851	education	Variables relating to education: enrollment status, highest educational qualification, years of schooling, test scores, field of study, school characteristics, teacher-student ratios, and participation in educational programs.	Relevant variables explicitly measuring educational dimensions: school attendance, grade repetition, qualifications attained, standardized test results, literacy/numeracy measures, type of school (public/private/vocational), classroom resources, teacher qualifications, and measures of educational attainment over time. Exclude variables that are tangential demographics with no clear educational meaning or ambiguous labels not tied to schooling or learning.
2769	einstellung zum islam	Variables capturing attitudes toward Islam: feeling thermometers, agree/disagree items on Islam-related statements, perceived threat measures, policy preference items related to Muslim communities, and stereotype scales.	Include variables explicitly assessing respondents' views about Islam or Muslims (e.g., 'warmth toward Muslims', 'Islam is compatible with democracy', 'are Muslims a threat to national culture'), measures of social distance from Muslims, and items on discriminatory preferences or policy support targeting Muslim populations. Exclude generic religiosity variables that do not specify attitudes toward Islam, or variables that only identify respondents' religion.
47410	einstellung zur zuwanderung	Variables measuring attitudes toward immigration: support/opposition to immigration levels, policy preference items, perceived economic/cultural threat, openness to refugees, and social distance toward migrants.	Include explicit attitude variables (e.g., 'allow more/fewer immigrants', 'immigrants are a threat to jobs/culture', 'would you accept immigrants as neighbors'), items on policy positions (border control, asylum), and scales measuring tolerance or prejudice toward migrants. Exclude variables that only identify migrants or immigrants as demographics without measuring respondents' attitudes.
47832	einstellung zu ausländern	Variables that capture attitudes toward foreigners: feeling thermometers, social distance items, perceived threat scales, and policy preference questions specific to foreign populations.	Include explicit variables such as 'warmth toward foreigners', 'would you accept foreigners as neighbors', 'foreigners take jobs from locals', support for restrictions on foreigners, and measures of xenophobic sentiments. Exclude general demographic variables indicating foreigner status or nationality that do not measure attitudes.
47836	einstellung zu fremden	Variable labels and operationalizations that capture attitudes toward foreigners/immigrants: social distance, xenophobia indices, acceptance scales, perceived threat, trust, and contact measures.	Include variables named or operationalized as attitudes toward foreigners/immigrants, social distance (e.g., willingness to live next door/work with/marry a foreigner), xenophobia or prejudice scales, perceived economic/cultural threat, feeling thermometer scores for 'foreigners' or immigrant groups, and intergroup contact frequency/quality. Exclude demographic variables only (age, sex) unless they are combined with attitudinal measures, and variables that measure migration status alone without attitudinal content.
5783	einstellung gender	Variables operationalizing attitudes toward gender: gender role ideology, support for equality, ambivalent sexism subscales, policy support, and stereotypes about male/female traits and capabilities.	Include variables labeled or constructed as traditional/egalitarian gender attitudes, ambivalent sexism (hostile and benevolent sexism), beliefs about women’s employment or leadership, willingness to share domestic labor, and policy support for gender-equality measures. Also include variables measuring gendered stereotypes, perceived gender discrimination, and gender-targeted policy preferences. Exclude purely descriptive demographic variables or occupational classifications unless combined with explicit attitudinal indicators.
47494	einstellungen zum islam	Variables capturing attitudes to Islam/Muslims: favorability ratings, social distance items, perceived threat scales (cultural/security/economic), discrimination experiences, and policy preference variables.	Include variables explicitly measuring views toward Islam or Muslims, such as feeling thermometer scores, willingness to accept Muslim neighbors/colleagues, indexes of Islamophobia, perceived compatibility of Islam with national values, and support/opposition to specific policies affecting Muslims. Also include variables for contact with Muslims and media exposure to Islamic issues. Exclude general religiosity measures that do not specify attitudes toward Islam or Muslims.
66819	employ poland	Variables describing employment outcomes in Poland: employment/unemployment status, sector/industry, occupation codes, contract type, working hours, wages/salary, job tenure, and labor market transitions.	Include variables indicating current employment status (employed, unemployed, inactive), detailed occupation (ISCO), industry (NACE), full-/part-time status, temporary/permanent contract, net/gross wages, hours worked, job search activity, and reason for job exit/hire. Also include variables on informal employment and cross-border commuting when relevant to Poland. Exclude variables unrelated to labor (e.g., clinical health measures) unless linked to employment outcomes.
67161	entfremdung der arbeit	Variables operationalizing dimensions of work alienation: powerlessness, meaninglessness, normlessness, isolation, self-estrangement, lack of autonomy, and low task significance.	Include variables explicitly labeled as alienation or constructed from items addressing feelings of powerlessness at work, lack of control/autonomy, work being meaningless or monotonous, social isolation from colleagues, inability to realize oneself in work, and related indices combining these facets. Also include related measures such as job satisfaction, organizational commitment, and burnout when used to assess alienation. Exclude purely economic variables (wages/hours) unless combined with subjective alienation measures.
79	environment	Variables operationalizing environmental conditions, exposures, perceptions, attitudes and behaviours, e.g., pollution indices, green space proximity, ecological indicators, and measures of environmental concern or pro-environmental behaviour.	"Relevant variables include objective environmental measures (PM2.5, NOx, water contaminants, biodiversity indices), GIS-derived measures (distance to parks, land-cover percentages), and socio-psychological variables (environmental concern, risk perception, frequency of recycling, energy consumption, willingness-to-pay). Exclude variables that only incidentally mention 'environment' without measuring environmental attributes or attitudes (for example, a variable labeled ""environment"" that is a general control for context with no environmental meaning)."
66255	environmental attitude	Variables capturing environmental attitudes and related constructs: scale scores (NEP, environmental concern indices), single-item measures (concern about climate change), and related belief/perception indicators.	Relevant variables are composite scores and individual items assessing environmental concern, ecological worldview, perceived seriousness of environmental problems, climate change belief, support for environmental policies, and self-reported pro-environmental behaviours. Include coding information, item wording, response scales and psychometric properties. Exclude variables labeled ambiguously that do not measure attitudes (e.g., purely behavioural or objective environmental metrics) unless paired with attitudinal items.
6177	erziehung	Variables measuring aspects of Erziehung: parental practices, disciplinary strategies, educational activities, home learning environment, teacher attitudes, and child development outcomes.	Include variables capturing parenting styles (authoritative, authoritarian, permissive), frequency of parent–child activities, disciplinary measures, indicators of early learning environment (e.g., HOME inventory items), school pedagogy variables, and child cognitive and socio-emotional outcome measures. Exclude variables unrelated to upbringing or educational socialization (e.g., purely economic indicators) unless directly used to study Erziehung.
69762	evaluation soziale arbeit	Variables used in social work evaluation: client outcomes (well-being, employment, recidivism), service usage, fidelity indicators, process measures, and contextual factors affecting program success.	Relevant variables include standardized outcome scales (quality of life, symptom scales), indicators of service access and intensity, recidivism or re-referral rates, client satisfaction, and implementation/process measures (caseworker contacts, adherence to protocol). Include socio-demographic covariates commonly used in evaluation. Exclude variables that do not inform intervention effectiveness or implementation (e.g., unrelated administrative codes) unless necessary for record linkage.
69276	external political efficacy	Variables operationalizing external political efficacy and closely related constructs: survey items and composite indices measuring perceived responsiveness of government, influence over political decisions, and trust in institutions.	Include individual items (e.g., 'People like me have no say in what the government does'), composite external efficacy scales, and coding information (item wording, response categories, scoring). Also include related variables such as political trust, internal political efficacy, political participation, and socio-demographics used as covariates. Exclude poorly defined variables that do not capture perceptions of institutional responsiveness.
69667	familie beruf	Key variables on family composition and employment: parental employment status, working hours, occupation, job tenure, leave usage, childcare arrangements, number/age of children, marital status, and household income.	Include variables that measure: current employment (employed/unemployed/out of labour force), working hours (hours/week, part‑time/full‑time), occupation/industry, job contract type, career breaks, maternity/paternity/parental leave (duration, uptake), childcare use and costs, number and ages of children, household composition, partner's employment, household income, education, commute time, and job flexibility. Also include subjective measures: perceived work–family conflict, job satisfaction related to family, and employer support. Exclude variables unrelated to family or employment (e.g., detailed clinical biomarkers) or variables without documentation for coding.
69687	familie karriere	Variables capturing career and family events: promotion history, earnings, job tenure, job mobility, occupational status, leave spells, number/age of children, and partner employment.	Include variables measuring career outcomes (wages/income, promotions, occupational status/authority level, full/part‑time status, job tenure and contract type, career interruptions, re‑entry timing), and family indicators (date of childbirth, number/age of children, caregiving responsibilities, spousal employment). Also include education, training participation, workplace policies available, and subjective career aspirations. Exclude variables that do not allow linking family events and career timelines.
52915	family and changing gender roles	Measures of gender attitudes, division of household labour, time spent on childcare/domestic tasks, employment by gender, parental leave uptake by gender, and household decision‑making indicators.	Include variables such as: responses to gender attitude statements (e.g., views on working mothers, male breadwinner model), time‑use minutes by activity and by household member, caregiver role indicators (primary carer), distribution of specific chores, parental leave uptake and duration by sex, employment status by gender, negotiation/decision‑making variables, and indicators of childcare arrangements. Also include demographic controls (age, education, cohort). Exclude generic demographic variables without gendered household context.
67689	family	Core family variables: household composition, marital/cohabitation status, number and age of children, parental status, kin availability, household income, fertility histories, residential arrangements, and intergenerational transfers.	Include variables that allow characterization of family structure and dynamics: household roster entries, relationship to head, marital status, partnership dates, childbirth dates, fertility histories, number/age of children, coresidence with parents/children, caregiving receipt/provision, household income and resources, housing arrangements, and measures of family support and conflict. Also include demographic controls (age, sex, education, region). Exclude variables that cannot be linked to family units or lack sufficient metadata.
67775	family and gender	Variables linking gender and family: sex/gender of household members, gender attitudes, time spent on domestic and care work by gender, parental leave uptake by sex, employment status by sex, and measures of intra‑household decision making.	Include variables that permit analysis of gendered family dynamics: respondent sex/gender, partner's sex/gender, gender identity if available, allocation of household chores and childcare by gender, paid/unpaid work hours by gender, parental leave and flexible work uptake by sex, attitudes toward gender roles, measures of power/decision making in the household, and indicators of gendered outcomes (income gaps, career interruptions). Also include intersectional markers (education, ethnicity). Exclude variables without gender or family relevance.
68742	form of employment	Variables that operationalize the concept of employment form: employment_status, contract_type, job_type, employment_relation, working_hours, hourly_hours_category, part_time_indicator, temporary_contract_indicator, self_employed_flag, tenure_months, multiple_jobs_flag, gig_worker_flag, telework_indicator, agency_worker_flag.	Relevant variables: fields explicitly capturing type of employment contract/arrangement (permanent vs. temporary; full- vs. part-time; self-employed vs. employee), working hours and schedule, source of contract (agency/platform), number of jobs, and measures of contract precarity (duration, notice period). Prefer variables with standardized coding (ILO/EU definitions) or clear codebooks. Exclude variables that only indicate employer legal form or occupational classification without any contract/arrangement information.
61134	führung und vertrauen	Variables that capture leader-related trust and related constructs: trust_in_leader, trust_in_management, perceived_leader_integrity, perceived_leader_competence, leader_member_exchange_score (LMX), organizational_trust, interpersonal_trust_at_work.	Relevant variables: items or composite scores that explicitly reference trust toward supervisors/management or measure dimensions of trust (affective vs. cognitive), perceived leader fairness/honesty/competence, LMX indices, and measures of team-level trust. Prefer variables with validated German translations. Exclude generic societal trust variables that lack explicit workplace or leader referents unless used as contextual comparison.
61312	führung	Variables operationalizing leadership: leadership_style, transformational_leadership_score, transactional_leadership_score, authoritarian_leadership_flag, leader_effectiveness_rating, leadership_self_efficacy, LMX_score, leadership_experience_years.	Relevant variables: measures that capture leaders' behaviors, styles and effectiveness (self, subordinate or peer ratings), leader characteristics (tenure, role), and follower outcomes attributed to leadership. Prefer validated composite scores (e.g., MLQ subscales, LMX). Exclude variables that vaguely reference managerial position without any measure of leadership behavior or influence.
2541	gender role	Variables representing gender-role attitudes and role behavior: gender_role_attitudes, traditional_gender_role_index, egalitarianism_score, attitudes_toward_women_working, childcare_responsibility_belief, division_of_household_labor, bem_sex_role_inventory_scores.	Relevant variables: items or scale scores that explicitly measure normative beliefs about gendered responsibilities (housework, childcare, breadwinner role), self-reported role behaviors, and identity-based role measures. Prefer validated scales (AWS, BSRI) and harmonized items across waves. Exclude variables that only indicate respondent sex/gender with no attitudinal or behavioral content.
3938	gender	Variables capturing gender constructs: gender_identity, sex_at_birth, current_gender, gender_expression, gender_nonconformity_flag, gender_role_attitudes, reported_discrimination_due_to_gender, gender_binary_flag.	Relevant variables: explicit measures of gender identity (including non-binary/transgender options), variables distinguishing sex and gender, measures of gender norms and experiences (discrimination, roles), and harmonized codes for analysis. Prefer clearly documented coding and, for identity measures, inclusion of open/other categories. Exclude variables that only indicate biological sex when the intended concept is social gender identity or norms.
61636	gender studies	Variables capturing gender identity, gender roles and norms, attitudes toward gender equality, gendered behaviours, and intersectional attributes linked to gender.	Include: variables named gender, sex assigned at birth, gender identity, gender expression, masculinity/femininity scores, gender role attitudes, division of household labour, childcare responsibility, experiences of discrimination by gender, intersectional identifiers (race, class, sexuality) that interact with gender. Exclude: physiological or clinical biomarkers used solely for biological sex classification where no social/gender interpretation is provided.
62134	general self-efficacy	Variables representing general self‑efficacy, usually operationalized as scale total scores or subscale scores from validated instruments.	Include: variables labeled general self‑efficacy, GSE_total, self‑efficacy_score, aggregated Likert scale scores from general self‑efficacy instruments, and item‑level variables for psychometric analysis. Exclude: variables that measure only situational or task‑specific self‑efficacy unless accompanied by a general self‑efficacy measure.
2575	generation y	Variables enabling identification or characterization of Generation Y and their characteristics: birth year, age, cohort indicators and common outcomes studied for this group.	Include: birth_year, age_at_survey, generation_label (e.g., 'Millennial', 'Generation Y'), employment status, educational attainment, family formation markers, technology usage, political attitudes and other variables frequently analyzed by cohort. Exclude: variables that cannot be linked to respondent age or birth cohort.
1423	generelle selbstwirksamkeit	Variables measuring general self‑efficacy in German datasets: scale totals, item responses, and variable labels such as 'generelle_Selbstwirksamkeit' or 'SWE'.	Include: variables for Gesamtscore der Allgemeinen Selbstwirksamkeit, individual item variables (Likert responses), and related constructs (self‑confidence, coping expectations) when linked to the general self‑efficacy concept. Exclude: variables referring solely to situational Selbstwirksamkeit without a general measure.
61544	geschlecht und geschlechterrollen	Variables that operationalize gender roles and related attitudes/behaviours: role attitude scales, time use in domestic tasks, occupational sector by gender, and masculinity/femininity measures.	Include: variables such as gender_role_attitude, household_task_hours, childcare_responsibility, Bem masculinity/femininity scores, attitudes toward women's employment, and indicators of occupational gender composition. Exclude: simple sex or gender identifiers without accompanying role or attitude measures.
61473	geschlechter rolle	Variables that operationalize gender role concepts: attitudinal items, behavioral indicators, role allocations, and demographic covariates.	Include variables measuring gender role attitudes (agreement with statements about expected male/female behaviors), self-reported division of household labor and care, occupational role and employment status by gender, role conflict/role strain scales, measures of gender identity related to roles, and relevant demographics (sex, age, education, marital status). Exclude variables that only record sex/gender without any role-related content, and variables unrelated to social roles (e.g. purely biological measures).
59288	geschlechterrollen	Variables reflecting collective and individual-level gender role norms: stereotype endorsement, expectations for men/women, distribution of household tasks, occupational segregation indicators.	Include variables such as agreement with stereotypical statements, reported primary caregiver/household responsibilities, indicators of occupational concentration by gender, measures of normative pressure, and community- or country-level aggregates of role attitudes. Exclude isolated biological health markers or administrative codes that do not inform about roles or norms.
4690	gesundheit	Variables commonly used in health research: morbidity, mortality, diagnoses, self-rated health, health behaviors, biomarkers, utilization and socioeconomic determinants.	Include variables such as ICD/diagnosis codes, self-rated health, chronic condition indicators, prevalence/incidence measures, BMI, blood pressure, smoking/alcohol use, physical activity, health service use (visits, hospitalizations), and socioeconomic covariates. Exclude variables unrelated to health outcomes or determinants.
58542	gesundheit psychisch	Variables measuring psychiatric diagnoses, symptom severity, psychological well-being, suicidality, treatment and service use, and mental-health-relevant covariates.	Include variables such as ICD/DSM diagnoses, scores on PHQ-9, GAD-7, GHQ-12, BDI, WHO-5, psychiatric hospitalization, medication use for mental disorders, measures of stress and resilience, and functional impairment. Exclude variables that do not concern mental health (e.g. general biomarkers without linkage to mental health).
58545	gesundheit patienten	Variables pertaining to patient status, clinical diagnoses, treatment modalities, outcomes, service use, and patient-reported measures.	Include variables like diagnosis codes, treatment type, medication, length of stay, readmission, mortality, clinical outcome measures, PROMs, patient satisfaction, adherence, comorbidities, and socio-demographics of patient groups. Exclude variables unrelated to patient care or outcomes (e.g. organizational finances) and variables from non-patient samples.
58585	gesundheit betrieb	Variables measuring workplace health management, organizational exposures, and aggregated employee health outcomes.	Relevant variables include company-level indicators (presence of health promotion programs, occupational safety policies, number of occupational health staff), aggregated sickness absence rates, work-related injury rates, workplace exposure metrics (noise, chemicals, ergonomics), measures of psychosocial work environment at organizational level (e.g., job demands, control, support), and indicators of program implementation and reach. Exclude variables that measure only individual clinical biomarkers unrelated to work context or demographic-only variables without workplace linkage.
58610	gesundheit im betrieb	Variables capturing individual and contextual measures of health and working conditions within the workplace.	Include individual health outcomes among employees (self-rated health, musculoskeletal complaints, mental health symptoms, sickness absence), workplace exposure variables (physical, chemical, ergonomic, psychosocial), job characteristics (occupation, shift work, working hours), and organizational factors (management practices, safety climate). Exclude variables that do not connect health measures to employment or workplace context.
58700	gesundheit von beschäftigten	Individual health indicators and employment-related variables relevant to the health of workers.	Relevant variables encompass self-rated health, diagnosed conditions, mental health scales (depression, anxiety), musculoskeletal complaints, frequency and duration of sickness absence, presenteeism measures, workplace exposures, job characteristics, occupational class, and health behaviors among employees. Exclude variables that solely measure organizational attributes without linking to employee health outcomes.
58705	gesundheitliche beschwerden	Variables that capture self-reported symptoms, somatic complaints, and psychosomatic indicators.	Include variables for frequency, severity, and duration of specific complaints (musculoskeletal pain, headaches, fatigue, sleep disturbances, gastrointestinal complaints), composite symptom scores, psychosomatic symptom scales, and health-related quality-of-life items tied to complaints. Include variables that record timing and work-related attribution of complaints. Exclude laboratory-only biomarkers that do not reflect patient-reported symptoms.
4600	gewalt	Variables measuring types, frequency, severity, timing, context, and consequences of violent acts and exposures.	Relevant variables include indicators of physical assault, sexual violence, intimate partner violence, child abuse, workplace violence, bullying, hate-motivated incidents, exposure to political/collective violence, PTSD and other health sequelae, injuries resulting from violence, perpetrator relationship, and reporting and service utilization. Include variables on protective factors and prevention exposure. Exclude variables unrelated to violent behavior or exposure.
58858	gewalt jugend	Variables that measure youth-directed or youth-perpetrated violence and related outcomes (victimization, perpetration, frequency, severity, context, and correlates).	Include variables such as self-reported victimization (physical, sexual, emotional), bullying victim/perpetrator indicators, dating violence measures, exposure to domestic violence, number of incidents, severity indicators, location/context of incidents (school, home, online), perpetrator relationship, help-seeking, reporting to authorities, protective factors (e.g., parent supervision), and mental/behavioral health outcomes linked to violence. Exclude variables that are generic criminal counts without age attribution or that measure only non-violent behaviors (unless explicitly linked to violent acts).
60151	global life satisfaction	Variables that operationalize life satisfaction and global subjective well‑being, including single-item and multi-item scales and country-level aggregates.	Include variables for global life satisfaction such as Cantril Self-Anchoring Scale (ladder), single-question life satisfaction items (e.g., 'All things considered, how satisfied are you with your life?'), Satisfaction With Life Scale (SWLS) scores, country-level average life satisfaction indicators, and demographic moderators (age, gender, income, education). Also include variables capturing domain satisfactions contributing to life satisfaction (health, income, social support). Exclude variables that measure only momentary affect without evaluative life satisfaction or purely domain-specific outcomes unlinked to overall life evaluation.
3148	health	Health-related variables capturing status, behaviors, outcomes, determinants, and service use (e.g., self-rated health, chronic conditions, BMI, mental health scores, healthcare utilization).	Include self-rated health measures, diagnosed chronic condition indicators, morbidity and mortality measures, biomarkers (e.g., blood pressure, cholesterol) when linked to population data, mental health screening scores (PHQ-9, GHQ), health behaviors (smoking, alcohol, physical activity), BMI, functional limitations, health insurance status, healthcare utilization metrics, and socioeconomic determinants of health. Exclude purely administrative coding subsets without health-relevant fields or variables only about laboratory assays without linkage to population health outcomes.
383	home office	Variables capturing remote work arrangements and outcomes: telework frequency/intensity, work hours/location, job satisfaction, productivity, work–family conflict, and home workspace characteristics.	Include variables indicating whether respondents work from home, number of days/hours worked at home, employer telework policy, availability of equipment, self-reported productivity, job satisfaction, stress and mental health measures linked to remote work, commuting time saved, work–life balance measures, ergonomic conditions of home workspace, and household composition while teleworking. Exclude variables that only indicate general internet use without relation to work or those that track purely leisure activities at home.
221	immigration	Variables that identify and characterize migrants and migration processes: country of birth, citizenship, migration reason/status, length of residence, legal status, language proficiency, and integration outcomes.	Include variables such as migrant status (immigrant, emigrant, refugee, asylum-seeker), country of birth, citizenship, parental country of birth, year of arrival, length of stay, legal residency status, reason for migration, language skills, education credentials, employment and income, housing, naturalization, social integration indicators, and access to services. Also include remittance behavior and transnational ties when linked to migration. Exclude variables that do not permit identification of migration-related attributes or that only measure temporary travel for tourism.
52895	inequality	Variables that measure or are commonly used to analyze inequality: income, wages, wealth, consumption/expenditure, occupational status, education level, health indicators, household composition, region, race/ethnicity, gender, and derived inequality indices (Gini, Theil).	Include variables capturing individual or household economic resources, demographic attributes, labor market outcomes, educational attainment, health measures, and geographic identifiers that allow subgroup comparisons and inequality decomposition. Also include derived variables and indices explicitly labeled as inequality measures. Exclude variables that do not permit assessment of disparities (single-case identifiers without demographic/contextual attributes) or highly aggregated indicators that prevent subgroup or distributional analysis.
63271	information trust	Variables assessing trust in information and sources: trust scales for media/institutions/experts, perceived credibility ratings, source trustworthiness, exposure to misinformation, fact-checking behavior, and confidence in knowledge.	Include validated items and indices measuring trust in specific information sources (e.g., television news, online news, social media), general media trust, perceived accuracy/credibility of messages, willingness to share, and behavioral proxies (clicks, shares tied to trust judgments). Exclude variables that measure unrelated forms of trust (e.g., generalized social trust) unless they are explicitly linked to information contexts.
63273	information politik	Variables capturing aspects of information policy and politics: legal/regulatory indicators, transparency scores, censorship flags, frequency of information control events, access-to-information metrics, and measures of government communication practices.	Include variables that operationalize policy environments (presence/strength of data protection laws, FOI provisions), measures of censorship or content takedowns, indices of media freedom, counts of state information campaigns, and measures of public access to government information. Exclude purely technical variables describing system performance (latency, throughput) unless linked to political/policy outcomes (e.g., digital infrastructure affecting access to information).
63264	informations- und kommunikationstechnologie	Variables measuring ICT-related phenomena: internet access, device ownership, connection type and speed, frequency and purposes of use, digital skills, online activities (social media, e-commerce, e-government), and barriers to access.	Include variables that record household/individual-level ICT access (broadband, mobile), skills assessments, online engagement measures, location-based infrastructure indicators, and socioeconomic covariates enabling analysis of the digital divide. Exclude technical-only metrics (packet loss, port numbers) that do not inform social research on ICT adoption or effects.
5945	interesse für politik	Variables measuring political interest and attentiveness: self-reported interest in politics, frequency of following news/politics, attention to public affairs, political discussion frequency, and indices of political engagement.	Include single-item and multi-item measures where respondents report their level of interest in politics, how often they follow political news, and related behaviors (discussing politics, civic participation). Also include derived scales combining related items. Exclude variables that only measure political knowledge tests without attitudinal indicators unless paired with explicit interest measures.
62692	interesse an führung	Variables that operationalize interest in leadership: leadership aspiration, desire to be a manager, willingness to lead, promotion intent, leadership career intentions, and related constructs (leadership motivation).	Include single-item and multi-item scales that explicitly ask about wanting to lead, seeking managerial positions, or choosing leadership responsibilities. Include demographic moderators (age, gender, tenure) when paired with leadership interest variables. Exclude variables that only measure leadership behaviors, efficacy, or style without assessing interest/aspiration.
15911	motivation in der arbeit 	Variables measuring work motivation and related constructs: intrinsic motivation, extrinsic motivation, work engagement, motivation regulation, goals at work, task significance, autonomy, and motivational outcomes (effort, persistence, turnover intention).	Include validated scales (e.g., UWES, Work Extrinsic and Intrinsic Motivation Scale) and survey items that explicitly assess motivational orientation or intensity at work. Include job characteristics known to affect motivation (autonomy, task variety) when linked to motivation measures. Exclude variables that only capture general attitudes toward work without assessing motivational constructs.
15758	job satisfaction	Variables that quantify job satisfaction: overall job satisfaction scores, facet scales (pay, supervision, coworkers, work itself), single-item satisfaction indicators, and related wellbeing measures tied to job satisfaction.	Include both global and domain-specific job satisfaction variables and their subscales. Include demographic and occupational covariates when analyzed in relation to job satisfaction. Exclude variables that only measure job performance or engagement if job satisfaction is not included.
15423	jugendliche	Variables relevant to adolescents: age-specific indicators (grade, pubertal stage), education status, mental health measures (depression, anxiety), risk behaviors (substance use, delinquency), family background, peer relations, and transition markers (vocational training, school-to-work).	Include variables that directly measure adolescent experiences, developmental status, health and behavior. Include validated measures used with youth (e.g., SDQ). Exclude adult-only measures or variables not applicable to adolescent contexts (e.g., retirement status).
17369	kinder und jugendliche	Variables pertinent to children and adolescents: developmental milestones, cognitive and socio-emotional measures, physical health indicators, vaccination and growth data, schooling and attainment, child welfare indicators, and family socioeconomic variables.	Include variables valid for child and adolescent assessment (e.g., CBCL, developmental screening scores, school performance, family structure). Include age-appropriate health and behavior measures. Exclude adult-only indicators (employment status for older adults, retirement) and measures not applicable to minors.
6322	klima	Variables that measure climatic conditions, drivers, impacts, and public responses: temperature, precipitation, humidity, CO2/CH4 concentrations, sea level, extreme event indices, vulnerability indicators, adaptation measures, climate risk perceptions.	Relevant variables include quantitative meteorological measures (daily/monthly/annual temperature, precipitation, drought indices), greenhouse gas concentrations, derived indices (heatwaves, cold spells, extreme precipitation), and socio-economic variables tied to climate impacts (crop yield losses, health outcomes). Also include attitudinal variables about climate concern and policy support. Exclude variables that use 'climate' only as a metaphor (e.g., corporate climate) unless clearly environmental.
6370	klimawandel	Variables that capture change and responses: trends in temperature and extreme events, emission rates, radiative forcing, vulnerability/adaptation indicators, mitigation behaviors, belief in anthropogenic climate change, policy support measures.	Relevant variables measure temporal changes (e.g., decadal temperature trend), frequency/intensity of extremes, CO2 emissions per capita, indicators of adaptive capacity, and attitudinal measures about climate change causes and policy preferences. Exclude static environmental descriptors that do not relate to change unless used to assess change or vulnerability.
13621	kultur	Variables capturing cultural aspects: participation frequencies, cultural capital indicators, language use, ethnic and cultural identity, values and norms measures, attendance at cultural events, funding/support levels for arts and heritage.	Relevant variables include measures of cultural participation (visits per year), self-reported cultural identity, proficiency/use of languages, indicators of cultural capital (education, tastes), attitudes toward cultural diversity, and institutional measures (number of cultural organizations, funding amounts). Exclude laboratory culture measures and variables unrelated to social/cultural phenomena.
21558	lernen am arbeit	Variables measuring workplace learning: participation in training (type, duration), informal learning activities, mentoring received, skill acquisition measures, training costs, employer support, learning outcomes (skill tests, wages, promotion), and workplace learning culture indicators.	Relevant variables capture occurrence and intensity of on-the-job training, certification achieved, frequency of informal learning, employer-provided training hours, individual learning strategies, and outcomes such as productivity or career progression. Exclude variables that measure non-learning aspects of work unless used to analyze learning processes (e.g., job tenure only used to study learning opportunities).
21877	links rechts orientierung	Variables that operationalize left-right orientation: self-placement on left-right scales, composite ideological scores (economic/social dimensions), party identification mapped to left-right, issue-based scales aggregated into left-right orientation, and extremes/moderation indicators.	Relevant variables include 0–10 or 1–7 left-right self-placement items, factor scores from issue items representing left-right dimension, categorical left/center/right labels, and consistency measures between self-placement and policy attitudes. Exclude variables measuring non-ideological left/right concepts (body orientation, handedness).
4835	media	Variables that measure media exposure, consumption, content, engagement, trust, source credibility, platform use, frequency, duration, and media effects (attitudes, knowledge, behavior).	Include variable names and descriptions that capture types of media used (TV, radio, print, online, social media platforms), frequency and duration of media use, intensity of engagement (likes, shares, comments), content categories (news, entertainment, political content), trust in media, perceived bias, source credibility, exposure to specific messages or campaigns, and measures of media effects (knowledge change, attitude change, behavioral intentions). Exclude variables that use the word 'media' in non-communication senses (e.g., culture media in labs) or variables that are too generic without a clear relation to media use or content (e.g., a variable named 'channel' without context).
22227	merkmale der arbeit	Variables describing job characteristics such as autonomy, task complexity, workload, hours, contract type, physical demands, psychosocial risks, role clarity, and training requirements.	Relevant variables explicitly measure attributes of work: job autonomy/control, decision latitude, task variety, repetitiveness, physical workload, exposure to hazards, psychosocial stressors (job demands, social support), working time arrangements (shift work, part-time), contract permanence, overemployment/underemployment, training/skill requirements, and indices of job quality. Include variables coded at worker or job level. Exclude variables that only indicate employment/unemployment status without detailing work characteristics.
427	migration	Variables capturing migration status and characteristics: country/region of birth and residence, migration history, legal status, reason for migration, duration, language proficiency, integration indicators, remittances, and mobility patterns.	Relevant variables include migrant origin and destination, date/year of migration, duration of stay, citizenship and legal/permit status, refugee/asylum status, reason for migration (economic, family, conflict), return intentions, language skills, employment status and occupational mobility, social integration measures, remittance sending/receiving, and household composition changes because of migration. Exclude variables named 'migration' that refer to cell or animal movement in biological studies.
18263	mitarbeiter	Variables describing employees: demographic and employment attributes, job tenure, contract type, wages, performance measures, satisfaction, absenteeism, turnover intentions, training participation, and workplace relations.	Relevant variables explicitly measure characteristics of employees: employee ID, age, gender, education, occupation, tenure, contract type (permanent/temporary), salary/wage, working hours, job grade, promotion history, performance ratings, job satisfaction, organizational commitment, intention to leave, absenteeism, participation in training, and supervisory relationships. Exclude variables where 'mitarbeiter' appears as an author or contributor label but not as an employee characteristic.
20775	mobilität	Variables measuring mobility: travel frequency, trip distance and duration, mode of transport, commuting time, origin and destination, mobility constraints, accessibility indices, and indicators of social/mobile career mobility.	Relevant variables include number of trips, trip purpose, mode choice (car, bike, public transport, walking), travel time and distance, frequency of travel, commuting patterns, car ownership, access to transport, mobility limitations, accessibility scores, intergenerational occupation/income mobility measures, and modal shift indicators. Exclude variables that use 'mobility' in purely biological or physical senses unrelated to human movement or social mobility unless clearly contextualized.
20969	motivation and mitarbeiter	Variables capturing employee motivation and related workplace constructs (intrinsic/extrinsic motivation, engagement, satisfaction, commitment, turnover intention).	Include variables representing validated motivational constructs (e.g., intrinsic/extrinsic motivation scores, work engagement subscales, job satisfaction indices, organizational commitment, motivation-related predictors like leadership style, rewards, autonomy) and key covariates (role, tenure, occupation, industry). Exclude variables unrelated to workplace motivation (e.g., general cognitive tests) unless explicitly analyzed as predictors of employee motivation.
21258	motivation und lernen	Variables representing motivation in learning contexts: intrinsic/extrinsic motivation, goal orientation, task value, self-regulation, and learning outcomes.	Include variables such as intrinsic/extrinsic motivation scores, achievement goals, task value, self-efficacy for learning, study strategies, persistence, time on task, course completion, and assessment scores. Include demographic and contextual covariates (age, educational level, instructional format). Exclude variables unrelated to learning motivation (e.g., general workplace engagement) unless linked to training/learning outcomes.
21259	motivation und interesse	Variables capturing personal and situational interest and related motivational constructs (engagement, persistence, value, curiosity).	Include variables for personal interest, situational interest, curiosity, task value, intrinsic/extrinsic motivation, engagement, time on task, and persistence. Include contextual moderators (topic domain, learning environment). Exclude unrelated variables (e.g., financial interest metrics) unless clearly operationalized as psychological interest.
7965	nutzung medien	Variables describing media use behavior: frequency, duration, platform type, device, purpose, multitasking, and media content categories.	Include variables such as daily/weekly hours spent on specific media, number of sessions, platform identifiers (TV, radio, social media, streaming services), device used, purposes (news, social contact, entertainment), measures of multitasking, and related demographic covariates. Exclude variables that refer only to technical content delivery parameters (bandwidth, packet loss) unless tied to user consumption patterns.
6939	online sport	Variables capturing online sport participation and outcomes: usage frequency, session duration, physical activity metrics, performance stats, adherence, and engagement indicators.	Include variables such as number of online workouts, minutes of activity per session, step counts/heart rate from wearables during online sessions, e-sports performance indicators (scores, rankings), attendance of live classes, user engagement measures (comments, likes), and self-reported fitness outcomes. Include demographics and device/platform identifiers. Exclude variables that do not differentiate online from offline sport activity.
7159	orientierung beruf	Variables capturing vocational interests, occupational intentions, career decision-making, guidance received and transition outcomes.	Relevant variables measure career aspiration, preferred occupation, RIASEC codes or interest inventories, vocational guidance attendance, counseling outcomes, career decision self-efficacy, perceived fit, reasons for occupational choice, apprenticeship enrollment, time to employment after education. Include variables coded for analysis (scales, indices, categorical occupational choices). Exclude generic employment variables with no information on orientation or preferences, and variables referring to other kinds of 'orientation' (e.g., geographic orientation).
11910	persönlichkeit	Variables operationalizing personality traits, facets, temperament, and related scales or indices.	Include variables representing Big Five domains and facets, personality disorder scales where applicable, temperament dimensions, composite personality indices, item-level responses for personality questionnaires, and reliability/scale information. Include coding for reverse-scored items and normative tables if available. Exclude variables that do not measure personality (e.g., single impressions or interviewer assessments that are not validated personality measures) or broad demographic descriptors mislabeled as 'personality.'
1168	political participation	Variables capturing types and frequencies of political participation, intensity, and forms of civic engagement.	Relevant variables include voter turnout, intention to vote, protest attendance, petition signing, contacting public officials, party/campaign volunteering, political donations, membership in political organizations, frequency of civic actions, and composite participation indices. Include variables that distinguish conventional vs. unconventional and offline vs. online participation. Exclude generic social participation variables without a political dimension (e.g., sports club membership) unless explicitly coded as political/civic.
439	political efficacy	Variables measuring internal/external political efficacy, perceptions of political influence and institutional responsiveness.	Include variables for internal efficacy (e.g., 'I consider myself well-qualified to participate in politics'), external efficacy (e.g., 'People like me have no say in what the government does'), composite efficacy indices, item-level responses, and coding for directionality and scale. Include information on reverse-coded items and reliability. Exclude variables measuring general self-efficacy, efficacy in non-political domains, or attitudinal items not interpretable as efficacy.
8932	political survey	Variables commonly collected in political surveys: party identification, ideology, voting behavior, policy attitudes and demographic controls.	Include variables for vote choice, past turnout, voting intention, party identification, left-right self-placement, policy preferences, trust in institutions, political interest, media exposure, and standard demographics used in political analysis. Include question wording variants, coding schemes and weights. Exclude variables unrelated to political analysis (e.g., purely behavioral consumer preferences) unless included as covariates in political studies.
10109	politik	Variables used to measure political phenomena: institutional identifiers (party, legislature), political attitudes (trust, ideology, satisfaction), behavior (turnout, protest participation), socio-political demographics, policy preferences, political knowledge and media exposure indicators.	Relevant variables directly measure political concepts (party ID, vote choice, left–right self-placement, political trust, trust in institutions, turnout, protest participation, policy position items, political knowledge items). Include clearly labeled variable names and detailed coding schemes. Exclude variables whose relation to politics is ambiguous or marginal (e.g., generic income or occupation variables without connection to political analysis) unless accompanied by metadata showing political use.
9547	politik politisches verhalten	Variables that operationalize political behavior: turnout (actual or intended), vote choice, voter registration, protest participation, membership in political organizations, campaign activity, petition signing, online political activity and civic volunteering.	Relevant variables explicitly measure actions (e.g., 'voted in last election', 'intention to vote', 'participated in demonstration', 'contacted politician', 'donated to campaign'). Include variables with clear temporal reference and coding. Exclude indirect proxies for behavior (e.g., general civic attitudes) unless paired with concrete behavioral items or validated behavioral indicators.
10059	politische bildung	Variables capturing civic/political education constructs: civic knowledge scores, civic skills (discussion, argumentation), civic attitudes (support for democracy, tolerance), classroom activities, frequency of civics instruction, teacher qualifications, and participation in civic programs.	Relevant variables explicitly measure learning outcomes or educational inputs in political education (e.g., 'civic knowledge test score', 'frequency of classroom discussion on politics', 'teacher received civic training'). Include coding schemes and item wording. Exclude general academic achievement variables unless disaggregated to civic content or tied to civic learning measures.
10402	politische rechts links	Variables operationalizing left–right ideology: self-placement scales, ideological distance to parties, party family identifiers, economic/cultural position items, and constructed left–right indices.	Include variables that directly measure ideological orientation (e.g., 'left_right_placement', 'ideological_distance_to_party'), with coding and value labels. Include separate variables capturing economic vs cultural dimensions when available. Exclude vague or indirect proxies for ideology (e.g., single policy preference without context) unless part of an established left–right index.
10407	politische kompetenz	Variables representing political competence: factual political knowledge scores, civic skills indicators, political efficacy, critical thinking in political contexts, problem-solving in civic scenarios, and composite civic competence indices.	Relevant variables explicitly quantify components of political competence (e.g., 'political_knowledge_score', 'civic_efficacy_scale', 'argumentation_skill_item'). Include variables with clear provenance and scoring instructions. Exclude variables that measure unrelated competencies (e.g., general literacy or numeracy) unless linked and validated as part of a civic competence construct.
10701	politische orientierung	Variable records that capture measures of political orientation such as left–right scale, self-reported ideology, party identification, and directional/valence ideological indicators.	Relevant variables are those that measure respondents' ideological self-placement (numeric left–right scales, categorical ideology labels), partisan attachment, or items operationalizing orientation (e.g., 'Where would you place yourself on a scale from 1–10?'). Include derived variables (e.g., recoded left/center/right) and contextual variables linking orientation to voting behavior. Exclude variables unrelated to personal ideological placement (e.g., geographic orientation, issue-specific policy preferences unless explicitly used to construct an orientation index).
2386	politische einstellung	Variables representing political attitude items and scales: trust in institutions, support for democracy, policy-specific opinions, and composite attitude indices.	Relevant variables are individual survey items and constructed scales that measure political attitudes, including question wording, response coding, and provenance. Include attitudinal indices aggregated from multiple items and items capturing intensity and direction of opinions. Exclude socio-demographic variables unless they are used as part of an attitude composite or directly measure political opinions.
565	politische partizipation	Variables that measure types and frequency of political participation: turnout, protest participation, petition signing, membership in political organizations, and online engagement indicators.	Relevant variables capture participation behavior and related motivations (e.g., frequency of protest attendance, past voting in specified elections, membership in civic groups, online political posting). Include variables measuring barriers to participation and mobilization exposure. Exclude variables solely about political attitudes unless they are used as predictors or correlates of participation and are documented as such.
6591	politische ideologien	Variables representing ideological placement, multidimensional ideology scales, issue-based ideology indices, and coded indicators of ideological content from texts or manifestos.	Relevant variables include left–right placement, authoritarian–libertarian scales, constructed ideology indices from issue items, and coded manifesto indicators (e.g., economic or cultural ideology scores). Include metadata on construction and scoring. Exclude vague or incidental mentions of ideology not operationalized as a measurable variable.
8373	politische werte	Variables capturing political values: support for democracy, tolerance, equality preferences, authority orientation, and composite value scales (e.g., civic virtue indices).	Relevant variables are survey items and constructed indices representing political values, including question wording, response coding, and scale construction details. Include variables derived from standard value batteries (e.g., Schwartz, Inglehart) when linked to political outcomes. Exclude socio-demographic or factual knowledge variables unless explicitly used to measure political values.
8931	politische einstellung övp spö	Variable fields capturing party preference, favourability, vote intention, sympathy, trust, and evaluations specifically for ÖVP and SPÖ.	Relevant variables are those labelled or coded to represent respondents' support, vote choice, likelihood to vote, affective ratings, trust or satisfaction with ÖVP and/or SPÖ. Include numeric and categorical variables (party closeness, feeling thermometer, vote intention, retrospective vote) and panel-derived change measures. Exclude generic ideological variables (left–right) unless they are explicitly linked to measured attitudes toward ÖVP or SPÖ.
1112	politisches interesse	Variables that measure personal interest in politics: interest intensity, frequency of following politics, attention to political news, and composite interest scales.	Relevant variables include single-item measures (e.g., 'How interested are you in politics?'), frequency measures ('How often do you follow political news?'), scale scores combining several items, and items differentiating types of political interest (local, national, policy-specific). Exclude variables with ambiguous labels that do not clearly measure individual political interest (e.g., general curiosity) or variables that measure institutional interest (organizational lobbying).
2630	politisches engagement	Variables capturing types and intensity of political engagement: turnout, membership, campaigning, contacting, protest participation, volunteering, and online activism measures.	Relevant variables are those recording whether and how often respondents engaged in political acts (binary and frequency measures), composite participation indices, measures of intensity or sustained engagement, and items distinguishing conventional vs. non-conventional actions. Include demographic and attitudinal covariates when linked to engagement items. Exclude variables that only measure passive attitudes (e.g., support for protests) without reported behaviour.
5784	politisches verhalten und politische einstellungen	Pairs of variables measuring political attitudes (ideology, policy positions, party evaluations, efficacy) and political behaviour (vote choice, turnout, contacting, protest participation) allowing joint analysis.	Include variables for ideological self-placement, issue stances, party identification, political interest, and efficacy along with behavioural measures such as past vote, intended vote, turnout, contact with officials, and protest participation. Variables should be clearly defined and temporally linked where possible (e.g., pre- and post-election). Exclude variables that are only loosely related or that cannot be validly linked across respondents (e.g., aggregate-level attitudes without individual behavioural measures).
5801	politisches interesse	Variables denoting self-reported interest in politics, frequency of following political news, attention to public affairs, and composite interest indices.	Relevant variables are explicitly labelled as measuring 'political interest' or clearly operationalize the concept (e.g., 'How interested would you say you are in politics?' or 'How often do you follow news about politics?'). Include both single-item and multi-item measures and distinctions between local/national/global political interest. Exclude indirect proxies (e.g., knowledge) unless accompanied by explicit interest items.
5836	politisches wissen	Variables operationalizing political knowledge: individual factual items (e.g., name the head of government), scored indices (number correct), topic-specific knowledge measures, and confidence/subjective political knowledge items.	Include variable names and coding for item-level political knowledge questions, composite scores (sum or percentage correct), indicators of subjective political knowledge/confidence, and metadata about question wording and correct answers. Exclude general political attitudes (interest, trust) or cognitive ability measures unless explicitly used as proxies for political knowledge.
5843	populism	Variables measuring populism-related constructs: populist attitudes (anti-elitism, people-centrism), party classifications, indicators of populist rhetoric, and related constructs (authoritarianism, nativism) when used in populism research.	Include item-level variables and scales capturing core dimensions of populism (anti-elitism, people vs elite, demand for popular sovereignty), party-level flags or continuous scores for populist orientation, and content-coded indicators of populist messages. Exclude standalone variables about economic policy or voter demographics unless explicitly linked to operationalizations of populism in the dataset.
8657	populist attitudes	Variables operationalizing populist attitudes: item-level responses for anti-elitism, people-centrism, homogeneous 'the people' constructs, Manichean worldviews, and created composite scores/indices.	Include variable labels, question wording, coding (response scales), and construction details for composite scores measuring populist attitudes; include information on reliability and factor structure where available. Exclude variables that measure political distrust or anti-system sentiment alone unless explicitly used as components in a validated populist attitudes construct.
7892	psychisch gesundheit	Variables describing mental health status and wellbeing: symptom scales (depression, anxiety), subjective wellbeing measures, mental health diagnoses, treatment utilization, and functional impairment indicators.	Include item-level responses and composite scores for commonly used instruments (PHQ-9, GAD-7, GHQ-12, WHO-5, CES-D, SF mental component), coded diagnosis variables (ICD codes), service use variables (therapy, medication), onset and duration measures, and sociodemographic covariates relevant to mental health. Exclude physiological measures that do not assess mental states, or variables that only tangentially relate to mental health (e.g., general life satisfaction without mental health linkage) unless explicitly used as mental health indicators.
6492	psychische krankheiten	Variables capturing diagnosed mental disorders, diagnostic codes (ICD-10/DSM), symptom counts, severity ratings, comorbidity, duration, age at onset, and treatment indicators.	Include variables for specific disorder diagnoses (F-codes), structured interview diagnoses, symptom scales mapped to diagnostic thresholds, measures of disorder severity and functional impairment, and treatment/utilization variables. Exclude non-specific distress measures unless explicitly linked to diagnostic criteria, and exclude variables that denote only family history without respondent diagnosis unless relevant to study aims.
7893	psychological needs	Variables operationalizing psychological needs and closely related constructs: autonomy, competence, relatedness, need satisfaction, need frustration, intrinsic motivation, psychological well‑being linked to needs.	Relevant variables include scale scores and items for autonomy, competence, relatedness; composite need satisfaction/frustration indices; motivation types (intrinsic/extrinsic) when used to test need hypotheses; and outcome variables directly tied to needs (well‑being, engagement, mental health) measured in the same study. Exclude variables that only refer to non-psychological 'needs' (e.g., material needs, food insecurity) unless explicitly tied to psychological constructs.
34484	quality of health care	Variables capturing dimensions of health care quality: outcome, process, patient experience, safety, access, timeliness, efficiency and equity indicators.	Include mortality rates, readmission rates, complication/infection rates, adherence to clinical guidelines, waiting times, patient satisfaction scores, safety incident counts, preventable admission rates, equity stratifiers (socioeconomic status, ethnicity) when used to assess quality. Exclude purely biomedical test results not interpreted as care quality, or administrative identifiers with no link to quality measurement.
6086	refugee	Variables relevant to refugee research: legal status (refugee/asylum seeker), country of origin, reason for flight, date of arrival, living conditions, housing, employment, language proficiency, health status, trauma exposure, and access to services.	Include variables that identify forced migration status (asylum/refugee), pre- and post-migration exposures (trauma, persecution), demographic and socioeconomic markers, health and mental health measures, service utilisation, legal outcomes (asylum decision), and integration indicators (employment, education, language). Exclude generic migration variables that do not distinguish voluntary vs forced migration, or variables unrelated to living conditions and outcomes of refugees.
1156	religion	Variables that operationalize religion and religiosity: religious affiliation/denomination, frequency of attendance, private practice (prayer), belief in God, religiosity scales, religious salience, and church membership.	Relevant variables include denomination, frequency of religious service attendance, private prayer frequency, belief statements (existence of God), intrinsic/extrinsic religiosity scores, importance of religion, and measures of religious practice or identity. Exclude variables that nominally reference 'religion' but measure unrelated constructs (e.g., cultural festivals referenced without personal religiosity), or variables on spirituality/worldview without explicit mapping to religion unless both are included and labeled.
35282	religion und weltanschauung	Variables representing religious and worldview constructs: denomination, belief statements, secular/non-religious life stance (e.g., humanism), importance of worldview, ethical orientation, and institutional membership (church, Weltanschauung communities).	Relevant variables include religious affiliation and denomination, self-identified weltanschauung or life stance (e.g., atheist, agnostic, humanist), importance of worldview in life, ritual/practice frequency, membership in worldview organizations, and attitudes toward church/state differentiation. Exclude variables that only capture cultural tradition names without respondent‑level worldview identification, or abstract philosophical variables not linked to respondents' self‑described life stance.
35290	religion und werte	Variable descriptions and codebooks for measures of religiosity, religious affiliation, belief, and value orientations (Schwartz, moral value items, civic/religious values).	Relevant variables are those that capture religious denomination, frequency of worship, religious belief/importance, prayer, religiosity scales, and specific value items or scales (e.g. Schwartz value dimensions, moral foundations, tradition vs. autonomy). Include variable metadata, coding schemes, and derived indices linking religion and value constructs. Non-relevant variables include administrative identifiers, unrelated demographic variables unless clearly used as controls, or variables about religion that are ambiguous or not operationalized (e.g. a single unclear text field without coding).
31054	schule	Variables and codebooks capturing school-related constructs: school type, grade level, achievement scores, attendance, tracking, teacher characteristics, and school climate indicators.	Relevant variables measure school enrollment, grade/age, school sector/type (public/private/tracking streams), standardized test scores, class size, teacher qualifications, pupil–teacher ratio, absenteeism, disciplinary incidents, school climate and resources. Include variables used as outcomes (achievement) and predictors (school SES, school policies). Exclude variables unrelated to schooling (e.g. adult workplace variables) or those that cannot be mapped to school contexts (e.g. generic organization codes without school labeling).
33106	self esteem deutsch	Variables and codebooks for self-esteem measures in German, including item-level responses, composite scores, and scoring instructions for German translations of standard scales.	Relevant variables are item responses and computed scores from validated German self-esteem instruments (e.g. German Rosenberg items, single-item self-esteem measures labeled in German, domain-specific self-concept scales), and metadata on reverse-scoring and reliability. Include variables indicating scale version, language, and sample. Exclude ambiguous items not clearly labeled as self-esteem, or variables from non-German instruments without translated equivalents.
3332	self determination	Variables capturing autonomy, basic psychological needs (autonomy, competence, relatedness), motivational regulations, and self-determination indices used in SDT research.	Relevant variables are item-level responses and computed scores for instruments such as the Basic Psychological Need Satisfaction scales, Self-Regulation Questionnaires, Intrinsic/Extrinsic Motivation scales, and autonomy-support measures. Include coding details, scales, and version/language information. Exclude variables that refer to legal self-determination status, capacity assessments unrelated to motivational constructs, or vague indicators without clear operationalization.
1259	sexuelle orientierung	Variables and codebooks for sexual orientation: self-identified orientation, attraction measures, sexual behavior items, and discrimination or minority stress indicators.	Relevant variables explicitly measure sexual orientation (self-identification categories), indices of attraction (who one is attracted to), sexual behavior variables (partners' sex/gender), and variables capturing experiences of prejudice, victimization, or social support by orientation. Include coding schemes, multi-response categories, and notes on how orientation categories were constructed. Exclude variables that only record partner sex without context for orientation and those conflating orientation with gender identity unless both are clearly distinguished.
4953	sinn der arbeit	Variable descriptions and codebooks that measure constructs related to the meaning of work (e.g., meaningfulness scales, items on calling, work centrality, purpose).	Relevant variables are items or scales labeled as 'meaningful work', 'sense of purpose at work', 'calling', 'work centrality', or similar constructs, including their coding, response scales, and psychometric properties. Include derived scores, subscales, and show how missing values are coded. Exclude demographic or employment variables (occupation, hours) unless they explicitly operationalize meaning; exclude generic wellbeing indices that do not specifically target meaning in work contexts.
1537	social media	Variables and codebook entries that measure social media use, behaviors, attitudes, network metrics, and content characteristics.	Relevant variables include frequency and duration of platform use, platform-specific usage indicators, types of activities (posting, sharing, commenting), network measures (followers, degree centrality), engagement metrics (likes, shares), sentiment or topic labels, and self-reported attitudes toward social media. Include variable definitions, coding schemes, and derivations. Exclude variables unrelated to social media (e.g., general internet use without platform detail) or ambiguous variables with no documentation linking them to social media concepts.
37900	social media survey	Survey variables measuring aspects of social media behavior, attitudes, motives, platform-specific use, and demographic correlates from social media-focused surveys.	Relevant variables capture self-reported frequency and intensity of platform use, purposes for use (information, socializing, news), trust in platforms, privacy concerns, multi-platform use, and willingness to engage. Include coding details, response options, and scales used for typical social media survey items. Exclude administrative or outcome variables unrelated to social media content or behavior.
37915	social media nutzung	Variables that operationalize social media use (Nutzung): frequency, duration, platform-specific indicators, activity types, motives, and related demographic variables.	Relevant variables include self-reported frequency (daily/weekly), time spent, types of activities (posting, messaging, browsing), platform identifiers, motives for use, and cross-tabulations with age, education, and occupation. Include coding schemes and question wording, especially for German-language items. Exclude variables that measure only internet use without social media detail, or variables that are proxies for usage without clear operationalization.
5535	social presence	Variables that capture perceived social presence, social presence scale items, subscales (affective, co-presence, immediacy), and related constructs such as perceived intimacy or immediacy.	Include items and aggregated scores from established social presence measures (e.g., Short et al. social presence scale, Community of Inquiry presence indicators), coding, response scales, reliability statistics, and derived indices. Also include related constructs only if clearly linked theoretically (e.g., social intimacy in computer-mediated communication). Exclude generic engagement or satisfaction variables that do not specifically measure the subjective sense of others' presence.
38133	sozial	Variables measuring social constructs such as social status, welfare receipt, social participation, social attitudes, social integration, and related demographic indicators.	Include variable names and descriptions that measure social constructs (e.g., social support, civic participation, welfare benefits, social capital, social inclusion/exclusion, social attitudes); include standard demographic covariates used in social analyses (age, gender, household composition) when presented as part of social-variable sets. Exclude variables unrelated to social constructs (technical or laboratory measures) or variables that only incidentally include the term 'sozial' without measuring a social concept.
5132	sozial kompetenz	Variables that operationalize social competence: standardized scale scores, items on social skills, peer/teacher ratings, emotion-regulation indices, prosocial behavior counts, and related behavioral observations.	Include variables labeled as social competence, social skills, interpersonal competence, peer acceptance/rejection, empathy, conflict resolution, cooperation, prosocial actions, and teacher/parent/peer ratings or observational coding schemes designed to measure social competence. Exclude variables that do not capture interpersonal or socio-emotional functioning or that measure only academic/cognitive abilities unless clearly linked to social competence constructs.
1101	soziale ungleichheit	Variables used to measure social inequality: income, wages, wealth, consumption/expenditure, education level, occupational status, social class, poverty status, Gini coefficient and inequality indices, and health/social outcome gradients.	Include individual- and household-level socioeconomic variables (gross/net income, assets, educational attainment, occupational codes, employment status), constructed inequality metrics (Gini, Theil, percentiles, decile ratios), poverty thresholds, and outcome variables commonly analyzed for inequality (mortality, morbidity, educational achievement). Exclude variables unrelated to socio-economic position or distributional outcomes.
1706	soziale schicht	Variables relevant to social class: occupational codes (ISCO, national classifications), class schema assignments (EGP, NS-SEC), education, income, status/prestige scores, parental class/origin variables, and subjective social class measures.	Include variables that record occupation, industry, employment status, education level, income/wealth, measures of social status/prestige, parental occupation/education for origin, and subjective class identification items. Exclude variables that cannot be mapped to class positions (vague job titles without coding) or that pertain to non-social 'layers' (e.g., geological strata).
2521	soziale netzwerke	Variables and indicators used in social network research: ties (presence/strength/type), degree, centrality measures, density, betweenness, reciprocity, network size, multiplexity, homophily indicators, and tie-strength proxies.	Include variables describing relational data (edge lists, adjacency matrices), tie attributes (frequency, duration, type), node attributes relevant to network positioning (role, attributes used for homophily), and computed network metrics (degree, centrality, clustering). Exclude variables that describe only individual attributes without any relational component unless used to model network formation or influence.
2589	soziale kontakte	Variables that measure number/size of contacts, contact frequency, contact type, network composition, perceived social support and measures of social isolation/loneliness related to social contacts.	Include variable names and codes for: network size, number of close friends, frequency of meeting family/friends, daily/weekly contact counts, contact diary entries, types of contact (in-person/telephone/online), perceived availability of support, and indices of social integration/isolation. Also include derived measures (e.g., average daily contacts, proportion of weak/strong ties). Exclude demographic variables that are not used to indicate social contact (unless they are combined to form contact measures).
3856	soziale interaktion	Variables capturing interaction frequency, turn-taking counts, speech acts, nonverbal behaviors, synchronization, conversational dominance, cooperative/competitive interaction measures, and situational context of interactions.	Include variables such as number of interactions, duration, initiator/respondent roles, number of speaking turns, interruption counts, gesture occurrences, gaze, proxemic measures, codings of interaction quality (e.g., cooperation, conflict), and timestamps for sequence analysis. Also include contextual variables (setting, group size). Exclude generic attitudinal items that do not directly measure interaction behavior.
39837	soziale validität beruf	Variables measuring perceived acceptability, relevance, satisfaction, feasibility, goal importance, stakeholder endorsement, and employment outcomes used to assess social validity in work settings.	Include items/scales for acceptability (e.g., treatment acceptability ratings), satisfaction with training/program, perceived usefulness/relevance to job goals, willingness-to-participate, employer acceptance, and linked objective outcomes (job attainment, retention). Also include qualitative codes for stakeholder comments about acceptability. Exclude unrelated psychometric validity indicators (construct validity) unless linked to social validity constructs.
40249	soziale herkunft	Variables characterizing social origin: parental education, parental occupation (ISCO/EGP/ISEI), parental income/wealth, family class indicators, childhood socioeconomic status, and cultural capital measures (books at home, parental cultural participation).	Include variable names and codes for mother/father education, highest parental qualification, parental occupational status indices (ISEI, EGP, ISEI scores), household income during childhood, social class categories, and proxies for cultural capital. Also include derived measures of intergenerational mobility (e.g., status transmission matrices). Exclude adult-only SES indicators that do not reference parental/background status.
4034	soziale ungleichheit	Variables used in inequality research: income, wages, household consumption, wealth, educational attainment, occupational status, health indicators, poverty status, Gini, percentiles, and measures of social mobility and group membership (gender, ethnicity).	Include raw and derived variables for inequality analysis (gross/net income, equivalised household income, wealth measures), summary inequality statistics (Gini coefficient, decile ratios, concentration index), poverty measures, and indicators of socio-demographic groups. Also include mobility transition variables. Exclude variables that cannot be linked to distributional analysis (e.g., single-item non-comparable administrative codes).
40514	soziale kompetenz	Variables and variable descriptions that operationalize social competence and related dimensions: social skills scores, empathy measures, prosocial behavior frequency, peer acceptance/rejection, conflict resolution ability, communication skills, emotional regulation, teacher/parent/peer ratings, observational interaction codes and composite indices of social competence.	Relevant: variable names and metadata that clearly measure individual-level social competence or subcomponents (e.g., 'Social Skills Total Score', 'Empathy Scale', 'Peer Nomination: liked most', 'Observed prosocial acts per hour'). Include variables from psychometric instruments and observational protocols. Not relevant: variables labelled only 'social' without relation to interpersonal competence (e.g., social class, social support) or variables measuring macro-level social phenomena (e.g., community cohesion) unless explicitly linked to individual social competence.
40674	soziale arbeit	Variables commonly used in social work research and practice: client demographics, case type (e.g., child protection, homelessness), service utilization, referral source, intervention type, case outcomes (safety, well-being, housing stability), risk assessments, functional status, social worker caseload and qualifications, service duration and intensity.	Relevant: variables that document client needs, interventions, outcomes and social worker characteristics used in social work contexts (e.g., 'case_open_date', 'service_type', 'risk_score', 'housing_status_at_followup'). Include variables from administrative, survey and evaluation datasets. Not relevant: variables that do not pertain to social service delivery or client outcomes (e.g., purely economic indicators) unless explicitly linked to social work practice.
41348	soziale medien nutzung	Variables that operationalize social media use: frequency (daily/weekly), duration (minutes/hours), number of logins, platform-specific use (Facebook, Instagram, TikTok, Twitter/X), active vs passive use, posting frequency, types of content engaged with, motives for use, self-reported multitasking while using, and metrics of engagement (likes, comments, shares).	Relevant: variables explicitly measuring social media behaviors (e.g., 'instagram_minutes_per_day', 'posts_per_week', 'passive_use_index', 'motivation_social_connection'), including derived engagement metrics. Not relevant: variables that only indicate internet access or device ownership without measurable social media use, or platform-agnostic labels that cannot be mapped to usage behavior.
41495	soziale medien	Variables capturing social media phenomena: content attributes (text, hashtags, multimedia tags), engagement counts (likes, shares, comments), temporal metadata, user attributes (anonymized demographics, follower counts), network measures, sentiment/topic labels, misinformation indicators and platform-affordance variables (algorithmic recommendation exposure).	Relevant: variables that represent social media content, user interactions and network properties (e.g., 'tweet_timestamp', 'likes_count', 'retweet_network_degree', 'sentiment_label', 'misinformation_flag'). Not relevant: generic social variables not tied to social media content/interaction or variables lacking provenance/definition making them unusable for analysis.
41546	soziale netzwerke	Variables and measures used in social network research: tie existence and strength, tie directionality, frequency of interaction, role indicators, actor attributes, network-level measures (density, centralization), node-level centrality measures (degree, betweenness, eigenvector), homophily indices, and temporal tie attributes.	Relevant: variables that specify relationships between actors (e.g., 'edge_weight', 'contact_frequency', 'mentor_pairing'), and derived SNA measures at node and network levels. Include variable metadata defining tie construction and measurement. Not relevant: isolated individual variables not linked to relational data, or network-terminology used outside of relational analysis contexts.
41646	soziale mobilität	Socioeconomic origin and destination variables: parental education, parental occupation/class, household income in childhood, respondent education, respondent occupation/class, current income, social class codes and mobility indicators (transition matrices, mobility indices).	Include variables that operationalize social origin (father/mother education and occupation, childhood household resources) and social destination (respondent’s education, occupational status, income, class). Also include derived variables used to measure mobility such as intergenerational status tables, relative/absolute mobility rates, odds ratios, Shorrocks/Gini mobility measures, ISEI/ISEI changes. Exclude variables that only measure physical movement or unrelated demographic traits.
5263	soziale herkunft	Variables capturing parental and childhood socioeconomic characteristics: parental education, parental occupation/class, parental income, household conditions in childhood, number of books in the home, parental employment, migration background, family structure.	Include direct measures of parents' socioeconomic status and proxy indicators of cultural and material resources in childhood used to operationalize social origin. Also include derived SES indices and categorical class measures. Exclude variables unrelated to family background such as contemporary individual attitudes unless used as mediators or outcomes of social origin.
40086	sozio politische einstellungen	Variables measuring political and social attitudes: left–right self-placement, party preference, political trust, policy issue positions (immigration, welfare, environment), social values, voting intention/behavior, civic engagement indicators.	Include standard attitude items and scales used to operationalize socio‑political views (e.g. Likert items on policy preferences, trust scales, ideological self-placement) and demographic covariates used to explain variation. Also include composite scales (authoritarianism, social conservatism). Exclude purely behavioral variables without attitudinal content unless used as outcomes of attitudes.
2741	sport	Variables on sport and physical activity: participation (yes/no), frequency, duration, intensity, type of sport, club membership, informal activity, barriers to participation, competitive level.	Include standard measures used to operationalize sport behaviour (weekly frequency, minutes of activity, METs, membership indicators), as well as contextual variables (facility access, socio‑demographics). Also include objective activity measures where available (accelerometer counts). Exclude unrelated fitness biomarkers unless explicitly linked to sport behaviour.
37003	stress lehrer	Variables capturing teacher stress and related constructs: perceived stress, burnout dimensions (emotional exhaustion, depersonalization, reduced personal accomplishment), workload, time pressure, classroom management difficulties, support from colleagues/management, absenteeism, job satisfaction.	Include validated psychometric measures (subscales or items) and contextual variables that explain or result from stress (work hours, class size, student behaviour). Also include outcome variables such as sick leave, intention to leave and mental health indicators. Exclude generic stress proxies that are not tied to the teaching occupation unless occupation is specified.
37018	stress pflege	Variables capturing perceived stress, job demands in nursing, working conditions, mental and physical health outcomes, and potential moderators/mediators specific to nursing.	Include: perceived stress scales (PSS), nursing‑specific stress measures (e.g., Nursing Stress Scale), workload measures (patient‑nurse ratio, acuity), shift characteristics (night work, rotation), staffing levels, exposure to traumatic events, burnout indicators, sleep quality, depression/anxiety screening scores, sick leave/absenteeism, turnover intention, social support at work, coping strategies, and intervention exposure. Exclude: generic physiological measures without linkage to psychological stress or variables unrelated to occupational stress (e.g., unrelated clinical biomarkers collected for other purposes).
37020	stress und arbeitnehmer	Workplace variables reflecting psychosocial stressors and employee outcomes: job demands, control, support, working hours, contract type, job insecurity, stress perception, health and productivity indicators.	Include: job demands, decision latitude/control, social support at work, effort‑reward imbalance, working hours/overtime, shift work, job insecurity, workplace harassment/bullying, perceived stress measures (PSS), burnout, depression/anxiety scales, absenteeism, presenteeism, performance, health service utilization, and demographic/workplace covariates (occupation, sector). Exclude: variables unrelated to employment (e.g., childhood stressors) unless explicitly modeled as mediators/moderators in employee stress research.
37039	stress und coping	Variables measuring perceived stress/appraisal, specific coping strategies, coping efficacy, and downstream outcomes (mental health, physiological responses), plus situational/contextual moderators.	Include: perceived stress and appraisal measures, coping style scores (problem‑focused, emotion‑focused, avoidance), coping subscales (e.g., active coping, seeking social support, denial), coping efficacy/self‑efficacy, measures of reappraisal, rumination, emotion regulation, outcomes such as depression, anxiety, burnout, physiological stress markers when linked to coping, and contextual variables (social support, resources). Exclude: non‑specific or single‑item measures of coping that do not distinguish strategy types.
37044	stress und burnout	Variables assessing stress exposure/appraisal, burnout dimensions, job and personal risk/protective factors, health outcomes and occupational consequences.	Include: measures of perceived stress, objective stressors (workload, emotional demands), burnout subscales (emotional exhaustion, depersonalization/cynicism, reduced personal accomplishment), coping strategies, social support, job resources, sleep, depression/anxiety, absenteeism, turnover intention, and physiological stress markers when analyzed in relation to burnout. Exclude: general well‑being indices not linked to stress or burnout constructs.
37048	stress und bgm	Program and outcome variables relevant to BGM addressing stress: intervention components, participation, organizational factors, and employee stress and health outcomes.	Include: intervention descriptors (type, duration, target level: individual/organizational), participation rates, measures of perceived stress, job demands/resources, burnout, absenteeism, presenteeism, job satisfaction, productivity metrics, implementation fidelity, costs, and contextual workplace variables (size, sector). Exclude: variables unrelated to workplace health management or lacking linkage to stress/mental health outcomes.
37090	stress arbeitsplatz	Variables that capture workplace psychosocial stress and related constructs: perceived stress, job demands, job control, effort-reward imbalance, social support, burnout, absenteeism, presenteeism, and physiological stress markers when linked to workplace exposure.	Relevant variables include single-item and scale measures of perceived work stress, job strain indices (demand-control), effort-reward imbalance scores, social support at work, leadership quality, workload, time pressure, emotional demands, role conflict, role ambiguity, burnout (emotional exhaustion, depersonalization), sickness absence records, self-rated health, and validated physiological indicators (e.g., cortisol) only when measured in workplace studies. Exclude variables that refer to non-work stressors without workplace linkage or to unrelated technical meanings of 'stress.'
37104	stress am arbeitsplatz	Workplace-specific stress variables: perceived stress at work, work demands, control/autonomy at work, job insecurity, work–family conflict, burnout dimensions tied to job role.	Include variables explicitly referencing stress at work or workplace conditions (e.g., 'stress am Arbeitsplatz', 'Arbeitsbelastung'), measures of psychosocial work factors (demands, control, support), job insecurity, work hours, shift patterns, and occupational role stressors. Also include outcome variables like work-related mental health diagnoses, absence due to workplace stress, and productivity indicators linked to stress. Exclude generic life-stress measures not tied to the workplace.
4160	stress	Core variables capturing perceived stress, life-event stressors, chronic stress, coping, social support, and physiological stress indicators (e.g., cortisol).	Include scale and item-level measures of perceived stress (Perceived Stress Scale), number and severity of life events, chronic strain indices, coping strategies, social network/support measures, anxiety/depression symptoms as stress outcomes, and biomarkers of stress response when collected in human studies. Exclude environmental or mechanical stress indicators not related to human psychosocial experience.
36787	sustainability	Variables capturing sustainability attitudes, environmental concern, pro-environmental behaviors, sustainable consumption, corporate social responsibility indicators, and policy support for sustainability measures.	Relevant variables include measures of environmental concern (e.g., NEP scale), frequency of pro-environmental actions (recycling, public transport use), willingness to pay for green products, sustainability-related values and norms, organizational sustainability practices, and indicators tied to sustainability goals (energy consumption, carbon footprint proxies) when linked to social units. Exclude technical environmental metrics lacking social context.
729	trust	Variables measuring types of trust: generalized social trust, interpersonal trust, institutional/political trust, trust in specific actors (government, judiciary, media), and related constructs (social capital, confidence, reciprocity).	Include single-item measures (e.g., 'Generally speaking, would you say that most people can be trusted?') and multi-item scales assessing interpersonal trust, institutional confidence, and trustworthiness perceptions. Also include variables on trust behaviors from experiments, measures of reciprocity, and indicators of social capital. Exclude variables using 'trust' in technical/non-social contexts.
24652	umweltbewusstsein in deutschland	Variable‑level metadata that operationalize environmental awareness and related constructs among individuals in Germany.	Include variable names, labels and item wording that capture environmental concern/awareness (e.g. 'environmental concern', 'climate change belief', 'environmental knowledge score', 'willingness to pay', 'recycling frequency', 'frequency of pro‑environmental actions') in German datasets or translations. Also include sociodemographic covariates used in analyses of awareness (age, education, region). Exclude variables that only measure environmental parameters (e.g. pollutant concentrations) or macro‑level policy indicators that do not reflect individual awareness.
24946	umweltschutz	Variables that measure dimensions of environmental protection, including policy outputs, institutional measures, and individual attitudes or behaviours supporting protection.	Include variables such as extent of protected areas, number of conservation programs, emissions reductions, presence/strength of specific environmental regulations, individual survey items on support for environmental protection, membership in environmental organizations, participation in conservation activities, and willingness‑to‑pay for protection. Exclude variables that solely measure ecological conditions without linkage to protection policy or societal engagement.
23986	ungleichheit	Variable metadata relevant to measuring inequality: income and wealth components, equivalence scales, poverty indicators, and socioeconomic status markers.	Include variables such as gross/net household income, individual earnings, capital income, household wealth, consumption expenditures, equivalized disposable income, income percentiles/deciles, Gini/Theil coefficients, poverty thresholds, educational attainment, occupational class, and parental background indicators used in mobility and inequality research. Exclude variables unrelated to distributional analyses (e.g. purely clinical health measures without population distribution context) unless explicitly linked to inequality outcomes.
23829	unkonventionelle politische partizipation	Variables capturing individual engagement in unconventional political actions and related motivations or frequencies.	Include variables such as participation in demonstrations/protests, signing petitions, contacting politicians, online political petitions/sharing, boycotts, occupying or direct action, frequency of such activities, motivations for participation, and perceived efficacy. Also include related measures (political efficacy, trust, media use) when used to explain unconventional participation. Exclude variables that only measure traditional electoral participation unless paired with unconventional participation items.
3311	verantwortung für umweltprobleme	Variables that operationalize attribution of responsibility for environmental problems (e.g. items identifying responsible actors, willingness to accept responsibility, perceived effectiveness of actors).	Include item‑level variables such as 'who is most responsible for climate change' (individuals/industry/government), scales of perceived government/industry responsibility, measures of personal responsibility or guilt, willingness to pay or change behaviour, and perceived attribution of blame. Also include moderator variables commonly used in such analyses (political ideology, trust, environmental values). Exclude variables that do not capture attribution or normative responsibility (e.g. objective pollution levels).
1719	vertrauen	Variables operationalizing trust (vertrauen): single‑item and multi‑item measures, indices, and behavioral indicators capturing interpersonal, generalized or institutional trust.	Include variables labelled as trust, confidence, reliability, or trustworthiness that measure interpersonal trust (e.g., 'Generally speaking, would you say that most people can be trusted?'), institutional trust (trust in government, courts, police), and composite trust indices. Include psychometric details (scale range, item wording, reverse coding) and derived indicators (factor scores). Also include behavioral trust measures (amount sent in a trust game). Exclude variables unrelated to social trust such as legal/financial trust ownership fields, or items measuring unrelated constructs (e.g., mere familiarity or satisfaction) unless explicitly validated as trust measures.
25598	vertrauen in technologie	Variables capturing trust in technology: self‑reported trust scores, dimension scores (reliability, predictability, safety), behavioral reliance measures and indices specific to technical domains.	Include variables labeled as trust in automation/AI/robots/platforms, items measuring perceived reliability, predictability, perceived risk, willingness to rely, and composite trust scales (e.g., McKnight et al. online trust adapted for technology). Include behavioral measures (frequency of automation override, amount entrusted to an automated decision) and context‑specific trust variables (e.g., trust in medical devices vs. social media). Exclude generic usage variables (e.g., login frequency) unless accompanied by validated trust items, and variables that measure only acceptance without trust content.
25616	vertrauen in politik	Variables operationalizing trust in politics: single‑item and multi‑item measures of confidence in government, trust in institutions and trust in politicians, and derived indices of political trust.	Include variables labeled 'trust in government', 'confidence in parliament', 'trust in parties', and composite political trust indices, with documentation of question wording, response scales and any recoding. Also include measures of institutional performance perceptions when explicitly used to operationalize political trust. Exclude variables unrelated to political trust (e.g., party preference, vote intention) unless accompanied by validated trust measures and exclude vague satisfaction items unless theoretically linked to trust and documented as such.
185	work life balance	Variables capturing work–life balance: self‑reported balance/conflict/facilitation items, time‑use measures, working hours, flexible working arrangements and well‑being indicators linked to balance.	Include items such as 'Work–life balance' self‑ratings, work‑family conflict scales (time‑based, strain‑based, behavior‑based), family‑to‑work facilitation, number of weekly work hours, commuting time, telework frequency, caregiving hours, and related outcomes (stress, job satisfaction, health). Include coding details (units, scales, reversals) and derived indices. Exclude variables that only record employment status with no measures of time allocation or perceived balance, and variables measuring organizational performance without employee work–life outcomes.
30368	work	Variables describing work: employment status, occupation, working hours, wages/income, contract type, job tenure, job satisfaction and related job quality indicators.	Include variables such as employment/unemployment status, full/part‑time indicator, ISCO/ISCO‑08 occupation codes, sector, hourly/weekly wages, contract type (temporary/permanent), working hours, shift work indicator, job tenure, occupational hazards, job satisfaction, and measures of job autonomy. Provide variable labels, coding schemes and units. Exclude variables that do not pertain to work (e.g., merely sector tags without clarity) or social variables unrelated to employment.
557	work family conflict	Individual-level variables that measure or relate directly to conflict between work and family roles, plus common antecedents and outcomes.	Relevant variables: direct measures of work–family conflict and family–work conflict (single- or multi-item scales); subdimensions (time-based, strain-based, behavior-based); antecedents such as working hours, shift work, job demands, job control, supervisor support, childcare availability, number/age of children, partner employment; outcomes such as job satisfaction, life satisfaction, burnout, mental health, absenteeism, turnover intentions. Exclude: variables unrelated to role conflict (purely macro indicators, organizational financial metrics) unless linked to individual WFC measures.
6171	work life conflict	Variables measuring interference between paid work and other life domains (family, leisure, caregiving) and associated predictors and outcomes.	Relevant variables: work–life conflict and life–work conflict measures, subtypes (time/strain/behavioral interference), boundary control, telework frequency, work hours, work intensity, caregiving responsibilities, social support, job and life satisfaction, stress and health outcomes. Exclude: variables limited to enrichment or positive spillover unless conflict is also measured; purely organizational metrics with no individual-level work–life information.
29207	zufriedenheit ausbildung	Variables capturing satisfaction with apprenticeship or vocational training and related aspects of the training environment and outcomes.	Relevant variables: overall trainee satisfaction and domain-specific satisfaction (content, supervision, learning environment, peer relations), perceived training quality, instructor competence/support, opportunities for skill use, apprentices’ wage during training, training duration and completion status, career expectations. Exclude: generic job satisfaction variables unrelated to training context or satisfaction measures for unrelated educational levels unless clearly tied to vocational training.
29421	zufriedenheit	Individual-level variables measuring overall life satisfaction and domain-specific satisfaction (job, health, income, relationships), plus common predictors and outcomes.	Relevant variables: single-item or multi-item measures of life satisfaction (e.g., ladder or 0–10 items), Satisfaction With Life Scale (SWLS) scores, job satisfaction items, domain-specific satisfaction indicators, predictors such as income, health status, employment, social support, and outcomes including mental health, productivity, and longevity. Exclude: objective indicators (income, employment) only as stand-alone without subjective satisfaction measures unless used as predictors of satisfaction.
6678	zufriedenheit und belastung	Variables capturing both evaluative satisfaction and perceived burden/strain, plus mediators/moderators (coping, social support, resources).	Relevant variables: satisfaction measures (life/job/training) alongside burden indicators (perceived stress, burnout dimensions, workload, caregiver burden scores, psychological strain), coping strategies, social support, job control, health outcomes. Include variables enabling moderation/mediation analyses (resilience, resources). Exclude: objective workload metrics without subjective burden measures unless paired with satisfaction variables.
