qid	query	pub_desc	pub_narr
21958	meinung zu flüchtlingen	Publications (articles, reports, book chapters) reporting empirical or theoretical work on public attitudes, perceptions, opinions and discourse about refugees and asylum seekers in Germany, Europe, or comparative contexts.	Include publications that present surveys, qualitative studies, media analyses or policy research explicitly about attitudes toward refugees/asylum seekers, acceptance, integration preferences, perceived threat, xenophobia, support for refugee-related policies, or changes in public opinion over time. Include works that analyse determinants (contact, political ideology, media exposure), subgroup differences, and longitudinal trends. Exclude publications that only address migration in general without specific attention to refugees/asylum seekers, studies solely about migration policy mechanics without public opinion, or historical/descriptive pieces that do not address attitudes or opinions.
478	allgemeine lebenszufriedenheit	Publications addressing general life satisfaction or global subjective well‑being, including measurement, determinants, cross‑national comparisons, and longitudinal changes.	Include empirical and theoretical studies that explicitly measure or analyse overall life satisfaction (single‑item global measures or validated scales), their correlates (income, health, social relations, employment), measurement properties, and population-level trends. Include comparative work using ESS, WVS, SOEP or other survey data. Exclude publications focused solely on domain-specific satisfaction (e.g., job satisfaction, marital satisfaction) unless they include a global life satisfaction measure or directly compare domain and global measures.
52564	allgemeine selbstwirksamkeit	Publications on general self‑efficacy (self‑perceived competence to cope with life’s demands), including psychometric studies, validations, correlational and intervention research.	Include empirical and theoretical work that uses or evaluates general self‑efficacy constructs (e.g., General Self‑Efficacy Scale), cross‑cultural validations, associations with health, education, employment and wellbeing, and interventions aimed at changing general self‑efficacy. Exclude studies focused exclusively on domain‑specific self‑efficacy (academic, health, occupational) unless a general self‑efficacy measure is also included.
3147	antisemitismus	Publications examining antisemitism: prevalence, attitudes, stereotypes, conspiracy beliefs, historical and contemporary manifestations, hate crimes and policy responses.	Include empirical studies, surveys, qualitative analyses and reports that explicitly measure or theorize antisemitic attitudes, incidents, discourse, causes and consequences. Include research on measurement (scales), demographic correlates, intergroup dynamics, and evaluations of interventions or policies addressing antisemitism. Exclude general prejudice research that does not include antisemitic-specific measures or analyses, and works that only discuss Jewish history without linking to contemporary antisemitic attitudes or incidents.
3278	arbeit und beschäftigung	Publications on work and employment: labor market participation, job quality, unemployment, employment transitions, workplace conditions and labour market policy evaluations.	Include empirical and theoretical studies that focus on employment status, job characteristics (hours, contract type, sector), unemployment/incidence, underemployment, labor market integration, returns to work, and policy impacts (active labour market programmes, minimum wage). Include research on subpopulations (youth, migrants, disabled) if employment is the central focus. Exclude publications that concern education, training, or retirement solely in non‑employment contexts unless linked to employment outcomes.
3284	arbeit belastung	Publications addressing occupational load, work-related stress, psychosocial and physical burdens at work, and their effects on health, safety, performance, and absenteeism.	Include empirical studies, reviews, and theoretical work that focus on workload, job strain, psychosocial risk factors (e.g. demands, control, effort-reward imbalance), occupational stress, burnout related to paid work, and interventions to reduce work-related burden. Include workplace health and safety reports, epidemiological studies linking work exposures to health outcomes, and policy analyses about occupational risk. Exclude publications on non-work-related stress (purely family or general life stress without workplace linkage), student academic workload unless explicitly framed as employment, and purely economic analyses of labor markets that do not address occupational burden or psychosocial/physical working conditions.
55053	arbeit zufriedenheit	Publications on job satisfaction, employee attitudes toward work, facets of satisfaction (pay, supervision, tasks), and links with performance, turnover, and well‑being.	Include empirical studies, theoretical papers, and reviews that investigate overall job satisfaction or its components, determinants (e.g. job characteristics, rewards, leadership), outcomes (e.g. commitment, turnover intentions, productivity), and interventions to improve satisfaction. Include cross-national and sector-specific studies of satisfaction and measurement research about satisfaction scales. Exclude studies focused solely on customer satisfaction, student satisfaction unrelated to employment, or organizational climate papers that do not report job satisfaction measures.
55082	arbeit und betrieb	Publications on work in the context of enterprises and firms: workplace organization, industrial relations, employment practices, production processes, and company-level working conditions.	Include studies and reports that examine the relationship between work and the employing organization such as organizational structure, HR practices, workplace governance, industrial relations, occupational safety at the firm level, production organization, and case studies of companies. Include comparative studies of establishments, employer surveys, and policy analyses concerning workplace and firm practices. Exclude macroeconomic labor market analyses that do not address firm- or establishment-level work processes, and purely consumer-focused business research unrelated to employee work.
55098	arbeit und leben	Publications about work–life relations: work–family balance, reconciliation of employment and private life, flexible work arrangements, and effects on well‑being and family outcomes.	Include empirical and theoretical studies that investigate work–life balance, work–family conflict and enrichment, flexible working time, parental leave, telework and its effects on family life, and policies to reconcile work and private life. Include comparative policy analyses, interventions, and qualitative studies of lived experience. Exclude publications focusing exclusively on family dynamics without connection to employment, or on retirement and leisure that do not consider work–life interaction.
55428	arbeit	Publications covering employment, work organisation, occupations, labour relations, job quality, occupational health, and the sociology/economics of work.	Include broad empirical studies, reviews, and theoretical work about paid work and employment: labor market participation, occupational structure, working conditions, job quality, employment relations, skills and training, occupational health and safety, and policy interventions affecting work. Include sectoral, cross-national, and historical perspectives on work. Exclude content unrelated to employment (e.g. volunteer activities unless explicitly analyzed as work) and publications that do not address work or employment dimensions.
55638	arbeit im wandel	Publications analyzing the changing nature of work and employment over time, including causes, patterns and consequences of structural, technological and organizational change.	Relevant publications: empirical and theoretical studies, review articles and policy reports that address transformations in work (e.g. digitalization, automation, platform work, flexibilization, demographic change), longitudinal analyses of occupational change, comparative/historical accounts of labor market restructuring, and evaluations of policies responding to change. Include works at micro (worker, firm), meso (occupation, sector) and macro (national, cross-national) levels. Exclude: publications that only mention the phrase without analysing change; narrow technical papers on specific technologies that do not address effects on work or employment; purely clinical or medical case reports unrelated to labor-market transformation.
55684	arbeit und beruf	Publications on work and occupations covering job characteristics, occupational choice, career development, vocational training and the labour market role of occupations.	Relevant publications: empirical studies, theoretical analyses and reviews that address occupations, career trajectories, vocational education & training, job characteristics, occupational segregation, sectoral differences, and labour market outcomes by profession. Include cross-sectional and longitudinal research, policy analyses and comparative studies. Exclude: papers solely about leisure or unrelated personal activities; studies that use 'occupation' only as a demographic label without substantive analysis of work or occupational processes.
55689	arbeit und arbeitszufriedenheit	Publications investigating work and job satisfaction, including determinants, consequences, measurement and cross-group comparisons of occupational well-being.	Relevant publications: empirical studies, theoretical papers, meta-analyses and policy reports on job/organizational satisfaction, its antecedents (job characteristics, working conditions, leadership, pay), consequences (health, turnover, productivity), and measurement approaches. Include research on intrinsic/extrinsic satisfaction, cross-national comparisons and sectoral studies. Exclude: works that only mention satisfaction in passing without measurement or analysis, and studies focused on life satisfaction without connection to job-related satisfaction.
55130	arbeitsbedingungen	Publications on working conditions, including physical, psychosocial, contractual and temporal aspects of work and their impacts on health, safety and well-being.	Relevant publications: empirical research, reviews and policy analyses addressing occupational health and safety, psychosocial risks, work organisation, shift work, working hours, job control, workplace hazards, precarious contracts, and their effects on workers. Include intervention and evaluation studies, sector-specific analyses, and cross-national comparisons. Exclude: publications that only use the term superficially without analysing working conditions, and papers exclusively about non-work settings.
3125	arbeitslosigkeit	Publications on unemployment, including its causes, duration, socio-economic consequences and policy responses at individual and population levels.	Relevant publications: empirical analyses, theoretical studies, policy reports and reviews addressing unemployment incidence, long-term unemployment, youth unemployment, unemployment duration and transitions, unemployment benefits and active labour market policies, and the socio-economic and health impacts of joblessness. Include cross-national comparisons and administrative-data based studies. Exclude: studies that only mention unemployment tangentially (e.g. as a control variable) without substantive analysis.
57703	arbeitsweg	Publications that study commuting/to-work journeys (Arbeitsweg), including travel time, mode choice, distance, congestion, active commuting, and health or wellbeing consequences of commuting.	Include empirical articles, reports and reviews that focus on the daily journey to and from work: determinants of commute mode, commute duration, spatial distance, multimodal trips, peak-hour dynamics, commuting-related stress, injury or exposure en route, and links between commuting and health, productivity or work–life balance. Also include urban planning and transport policy evaluations that target commuting. Exclude publications that treat non-work travel in general without distinguishing trips to/from workplace, or publications that only mention commuting peripherally without measured or analyzed commuting variables.
3474	arbeitszeit	Publications on working time (Arbeitszeit): hours of work, schedules, shift work, overtime, flexible hours, part-time/full-time distinctions, and related policy and health outcomes.	Include empirical studies, policy analyses and reviews examining contractual and actual working hours, temporal organization of work (shifts, night work, irregular schedules), overtime and unpaid hours, effects on health, wellbeing and family life, productivity, and legal/regulatory frameworks for working time. Exclude publications that focus solely on non-labour temporal measures (e.g., leisure time only) or that mention hours worked without analysis or measurement.
57292	ausländer	Publications addressing foreigners/immigrants (Ausländer): migration status, integration, labour market outcomes, health disparities, discrimination, and demographic studies of foreign-born populations.	Include empirical and theoretical works that explicitly study foreign-born persons, migrants, or persons with migration background: labor market integration, educational attainment, health and wellbeing among migrants, social inclusion/exclusion, legal and policy analysis of immigration, and statistical descriptions of foreign populations. Include studies that use the term 'Ausländer' in context of nationality, citizenship or migration background. Exclude works that use the term only in passing, studies focused solely on tourists or short-term visitors, or publications that do not disaggregate by migration status or country of origin.
4629	belastung von arbeit	Publications on burdens arising from work (Belastung von Arbeit), including psychosocial stressors, workload, physical load, occupational hazards, burnout and health consequences of work demands.	Include empirical and review studies that analyze how aspects of work create burden—psychosocial demands (workload, time pressure, emotional demands), physical strain (ergonomic load, repetitive movements), exposure to hazards, and resulting outcomes such as stress, burnout, musculoskeletal disorders, sickness absence or reduced well‑being. Include occupational health interventions addressing reduction of work-related burden. Exclude studies concerning non-work stressors unless they explicitly connect to or confound work-related burden.
53421	belastung und arbeit	Publications exploring the relationship between burden/stress (Belastung) and work (Arbeit): how work produces burden and how burden affects work performance, health and employment outcomes.	Include research examining causal or associative links between work conditions and burdens (physical, mental, psychosocial), effects of burden on productivity, absenteeism and career trajectories, and interventions to mitigate work-related burden. Accept interdisciplinary studies (occupational health, psychology, sociology, labour economics) that explicitly analyze the interplay between burden and work. Exclude literature that treats burden or work independently without analysis of their connection.
53418	belastungen am arbeitsplatz	Publications addressing physical, ergonomic, psychosocial and organizational workplace burdens, exposures and their health or productivity consequences.	Include empirical studies, reviews and reports that examine workplace stressors, ergonomic loads, psychosocial demands (e.g., job strain, effort-reward imbalance), physical hazards (noise, chemicals, manual handling), injury and sickness absence related to work. Include intervention and evaluation studies that aim to reduce workplace burdens. Exclude studies that focus on non-workplace stress (domestic or community stress) unless explicitly linked to occupational exposures, and exclude purely clinical case reports not situated in workplace contexts.
2160	beruf	Publications concerned with occupations, occupational classification, employment status and labor market roles.	Include studies, reports and analyses addressing job titles, occupational status, occupational stratification and their links to socioeconomic outcomes, health or mobility. Include methodological papers on occupation coding and classification. Exclude publications that do not pertain to occupational roles (e.g., unrelated uses of the word) or that treat employment only as a peripheral demographic variable without substantive occupational detail.
53913	beruf und bildung	Publications examining the relationship between educational attainment, qualifications and occupational outcomes or career development.	Include empirical and theoretical studies on how education influences occupational status, job matching, returns to education, vocational training, skill formation and social mobility. Include research on educational-occupational mismatch and transitions from education to employment. Exclude works that deal only with educational pedagogy without linking to occupational destinations or labor market outcomes.
53953	beruf zufriedenheit	Publications on job satisfaction, workplace well-being and their determinants and consequences.	Include empirical studies, reviews and reports that measure overall and facet-specific job satisfaction, examine predictors (work conditions, pay, supervision, autonomy) and outcomes (turnover, health, productivity). Include cross-national comparisons and longitudinal analyses of job satisfaction. Exclude studies that only address general life satisfaction without linking responses to employment or that use job satisfaction as a minor control variable without substantive analysis.
4716	berufliche tätigkeit	Publications on employment activity, types of work tasks, labor force participation and occupational engagement.	Include studies and reports that describe patterns of occupational activity (full-time/part-time, task composition), employment participation across groups, job task analyses, and the relationship between ability/health and work activity. Include investigations of occupational roles over the life course and occupational transitions. Exclude studies focusing on non-occupational activities (leisure, household tasks) unless linked to paid employment.
4833	berufliche mobilität	Scholarly publications, reports and book chapters discussing occupational mobility, career mobility, job-to-job transitions, vertical/horizontal mobility and labor market mobility processes in individual life courses or across groups.	Relevant documents describe empirical or theoretical work on occupational mobility (intra- and inter-occupational moves), measurement and determinants of job changes, promotion/demotion, sectoral mobility, geographic mobility for work, career trajectories and labor market segmentation. Include comparative, longitudinal and life-course studies, policy analyses of mobility barriers, and methodological papers on mobility measurement (e.g., mobility matrices, status scales). Exclude works focused solely on general migration without link to employment, macroeconomic mobility of firms, purely economic mobility concepts not tied to individual careers, or pieces that only mention mobility tangentially without substantive treatment.
53691	berufliche einstellung	Publications on occupational/work-related attitudes: work values, job-related beliefs, attitudes toward employment, vocational orientations, work ethic, and employment-related norms and preferences.	Include empirical and theoretical studies addressing attitudes toward work and occupation, such as work values, preference for job security vs. flexibility, attitudes to vocational training, occupational aspirations, job satisfaction as an attitudinal construct, and public attitudes toward occupations. Exclude publications solely about occupational structure, labor-market outcomes without attitudinal measures, or clinical personality literature that does not connect traits to job attitudes.
53817	berufliches selbst 	Research on the occupational or professional self: professional identity, vocational self-concept, occupational self-efficacy, career identity and the role of self-perception in occupational choices and career development.	Include studies on how individuals perceive their professional role (professional identity, centrality of work to the self), development of vocational self-concept over the life course, occupational self-efficacy and confidence in job-related competencies, and the link between self-concept and career behavior. Exclude general self-concept literature without occupational focus, clinical self-esteem studies unrelated to work, or papers about organizational identity (firm-level) rather than individual professional identity.
54957	bewertung der sozialpolitik	Publications addressing public evaluation of social policies: citizen attitudes toward welfare state programs, assessments of effectiveness and fairness of social policy, and scholarly analyses of policy acceptance and legitimacy.	Include empirical and normative studies measuring or theorizing how individuals and groups evaluate social policy instruments (e.g., pensions, unemployment benefits, healthcare, family policies), perceived effectiveness, satisfaction with social policy, and determinants of support or opposition. Include cross-national comparisons, surveys of public opinion, and impact analyses of policy reforms on public evaluations. Exclude technical policy design papers without public-evaluation data, or studies on fiscal sustainability without linking to public perceptions.
54952	beziehung führungskraft	Research on supervisor–subordinate relationships: leader–member exchange, supervisory support, workplace relations with managers, mentoring and trust between employees and their supervisors.	Include empirical and theoretical studies examining the quality and effects of relationships between employees and their immediate supervisors, including leader–member exchange (LMX), supervisory support, perceived fairness, trust, conflict, mentoring and feedback processes. Include outcomes such as job satisfaction, performance, turnover intentions, and well-being. Exclude studies focused only on broad leadership styles at the organizational level without attention to dyadic relationships, or historical/organizational structure analyses without interpersonal focus.
54354	bildung erwachsen	Publications (articles, books, reports, policy papers) in German or English focused on adult education, continuing education, lifelong learning, and adult learning policies and programs, especially in German-speaking contexts.	Include empirical studies, literature reviews, program evaluations, policy analyses, and theoretical work that address adult education ('Bildung Erwachsen'), continuing vocational training, informal and non-formal learning in adulthood, participation barriers, adult learning outcomes, and policy frameworks in Germany, Austria, Switzerland, or comparative European studies. Prefer sources that explicitly discuss adult learners, adult educational institutions, adult pedagogy, vocational retraining, or lifelong learning strategies. Exclude publications solely about compulsory schooling, higher education for traditional-age students, child or adolescent education, and purely clinical education unrelated to adult learning (unless tied to adult training programs).
46134	care arbeit	Publications in German or English on care work ('Care Arbeit'), including paid and unpaid caregiving, eldercare, childcare, domestic care, labor conditions in care sectors, gendered division of care, and care policy.	Include empirical research, policy analyses, labor studies, ethnographies, and comparative reports that focus on care work performed in households, care institutions, and formal care sectors. Relevant topics: care labor market, unpaid family caregiving, migrant care workers, working conditions, wages, care policies, gender inequalities, and care commodification. Prefer studies addressing Germany or other European contexts when tagged 'Care Arbeit'. Exclude publications solely about clinical health outcomes without focus on care labor, veterinary or non-human care contexts, or general labor topics not specifying care tasks.
45765	climate change attitudes	Academic and policy publications reporting on attitudes, beliefs, perceptions, and public opinion regarding climate change, including determinants of concern, risk perception, behavioral intentions, and policy support.	Include quantitative and qualitative studies, reviews, and policy briefs that directly investigate public attitudes toward climate change, beliefs about causes and risks, climate change skepticism or denial, willingness to act, and support for mitigation/adaptation policies. Prefer works using survey data or experimental designs measuring attitudinal constructs. Exclude publications about climate science per se without social-attitudinal focus, or technical modeling of climate processes absent public opinion analysis.
81	climate change	Publications across social science and natural science that address climate change broadly: causes, impacts, mitigation, adaptation, climate policy, societal responses, and interdisciplinary studies linking physical climate data with social/economic outcomes.	Include peer-reviewed articles, technical reports, assessment reports, policy briefs, and interdisciplinary studies that analyze climate change science, impacts (environmental, economic, social), mitigation and adaptation strategies, public policy and governance, and socio-economic consequences. Prioritize works that present empirical evidence, model results, or policy evaluation. Exclude documents unrelated to anthropogenic climate change such as isolated weather reports or non-climate environmental topics unless explicitly tied to climate change.
43417	conceptions of democracy	Scholarly and policy publications analyzing conceptions, definitions, and lay/theoretical understandings of democracy, democratic values, legitimacy, democratic quality, and citizen perceptions of democratic principles.	Include theoretical work, comparative studies, empirical analyses, and survey-based research that explicitly examine how democracy is conceptualized (procedural vs substantive, liberal vs participatory), public conceptions of democracy, normative debates on democratic legitimacy, and links between conceptions and political behavior. Prioritize publications that operationalize or measure conceptions of democracy. Exclude works that discuss democratic institutions only in technical legal terms without engagement with conceptions or public understandings.
43159	consumer behavior	Publications examining individual or household decision-making, attitudes, and behaviors related to consumption and purchasing across channels and contexts.	Include empirical and theoretical studies on consumer decision processes, buying behavior, brand loyalty, advertising effects, online shopping, impulse purchases, consumer satisfaction, and cross-cultural comparisons of consumption. Include marketing, psychology, and behavioral economics perspectives that directly address how consumers choose, evaluate, and use products or services. Exclude publications focused solely on firm-level financial performance, supply-chain logistics, macroeconomic demand forecasting without individual/household behavior, or purely producer/firm strategies that do not measure consumer responses.
43910	covid	Publications related to COVID-19 (SARS-CoV-2) including epidemiology, public health, social and economic impacts, and policy responses to the pandemic.	Include research on COVID-19 transmission, case studies, clinical outcomes, vaccination and vaccine hesitancy, public-health interventions (NPIs), health-system impacts, mental health consequences, economic and social effects of the pandemic, and evaluations of pandemic policy measures. Include multidisciplinary work (medical, epidemiological, social sciences) if explicitly about COVID-19. Exclude publications not about SARS-CoV-2 or the 2019–present pandemic (e.g., unrelated coronaviruses) unless they directly inform COVID-19 understanding.
1326	demokratie	Publications on democracy (demokratie) including democratic institutions, participation, democratization, and threats to democratic governance.	Include comparative and national studies on democratic institutions, electoral systems, party competition, citizen participation, trust in democracy, civil liberties, democratic backsliding, democratization processes, and normative theory of democracy. Include works in German and other languages if they address democracy-related topics. Exclude studies that use the term 'democracy' metaphorically in unrelated contexts (e.g., 'market democracy' without political-institutional analysis).
1635	depression	Publications on depressive disorders and depressive symptoms, covering epidemiology, diagnosis, etiology, treatment, and outcomes.	Include clinical and population-based studies of major depression, dysthymia, depressive symptomatology, risk and protective factors, psychotherapy and pharmacotherapy trials, longitudinal course of depression, comorbidity with other mental or physical disorders, and public-health impacts. Exclude papers that mention 'depression' only as a transient mood in non-clinical contexts without measurement or analysis of depressive symptoms/disorders.
50072	digital	Publications on digitalization and digital technologies, including digital economy, digital skills, e-government, digital education, and the social effects of digital transformation.	Include empirical and theoretical work on adoption and impacts of digital technologies (internet, mobile, platforms, AI), digital policy, digital divides and inequality, digital labor, e-governance, online behaviors, and digital transformation in organizations and education. Exclude uses of 'digital' as a generic file format reference or unrelated technical mentions without social, economic, or institutional context.
2185	digitale kompetenz	Publications that address digital competence/digital skills: definitions, frameworks, assessments, education and workplace implications.	Include scholarly articles, books, reports and conference papers that define or operationalize 'digital competence' (e.g. DigComp and related frameworks), describe assessment instruments, present empirical measurements (student, teacher, worker populations), discuss training/interventions to improve digital skills, or evaluate outcomes of digital competence on learning and labor-market results. Include theoretical and review articles that synthesize constructs and measurement approaches. Include pieces in German and English and policy documents from education and labor agencies. Exclude publications that only discuss technical IT infrastructure, software development techniques or network engineering without addressing human skills, or that use the phrase solely in marketing contexts without conceptual or empirical content.
49398	digitalisierung und arbeit	Publications on digitization and its effects on work: labor markets, job tasks, skills, organization and employment relations.	Include empirical, theoretical and policy publications examining how digitalization (automation, AI, ICT adoption, platform work) changes job content, task composition, required skills, employment levels, job quality, working conditions, and organizational practices. Include sectoral studies, comparative labor-market analyses, impact assessments, case studies of workplace digital transformation, and reviews. Include publications on regulation, social dialogue and policy responses. Exclude pieces that treat digitization only as background technological change without linking to work, or purely technical ICT research not addressing labor or organizational outcomes.
5051	digitalisierung am arbeitsplatz	Publications specifically focused on digitalization at the workplace: implementation, effects on tasks, workers and management.	Include case studies, empirical research and reviews examining workplace-level digital transformation: adoption of digital tools, changes in workflows and task design, effects on employee skills, productivity, job satisfaction and health, managerial practices, and training. Include interventions to support digital transitions, change management studies, and sector-specific workplace analyses. Exclude general theoretical discussions of digitization without workplace focus or studies limited to consumer digital adoption.
50992	digitalisierung arbeit	Publications on the relationship between digitization and work broadly, including labor market, occupational and organizational perspectives.	Include research that links digitalization processes to changes in employment, job content, skills demand, workplace organization, occupational health and socio-economic inequalities. Accept cross-disciplinary work from economics, sociology, organizational studies, education and public policy that addresses digitization's consequences for work. Include empirical analyses, theoretical contributions and policy evaluations. Exclude materials that discuss digital technology in non-work contexts without drawing implications for labor or occupations.
50011	diskriminierung in schulen	Publications on discrimination in schools: evidence, mechanisms, interventions and policy relevant to students and school staff.	Include empirical studies, theoretical analyses, literature reviews and policy reports examining discrimination in educational settings by race/ethnicity, migration background, gender, disability, socioeconomic status, religion, sexual orientation or other protected characteristics. Include research on discriminatory practices, teacher bias, tracking and streaming, exclusionary discipline, attainment gaps, segregated schooling, microaggressions and anti-discrimination interventions. Include evaluation studies of programs aimed at reducing discrimination and legal/policy analyses. Exclude documents about general bullying unless explicitly linked to discrimination categories, or studies focused on higher education admissions policies only if not connected to school-level discrimination.
505	diskriminierung	Publications (articles, books, reports) addressing discrimination: its forms, causes, prevalence, policy responses, and impacts in social, labor, education, housing, health, and institutional contexts.	Relevant publications are empirical studies, reviews, theoretical works, and policy reports that explicitly investigate discrimination (diskriminierung) or related concepts such as exclusion, unequal treatment, bias, prejudice, or institutional discrimination. Included are works on discrimination on grounds of race/ethnicity, gender, age, disability, religion, migration status, sexual orientation, or other protected characteristics; research on measurement and methodology for discrimination; and evaluations of anti-discrimination policies and interventions. Exclude publications that merely mention the term without substantive analysis, works focused solely on general inequality without reference to discriminatory mechanisms, and items about biological/medical processes that do not address social discrimination.
1851	education	Scholarly and policy publications on education: systems, attainment, access, inequality, pedagogy, labor market returns, and education policy at all levels (early childhood to adult education).	Relevant publications include empirical studies, theoretical analyses, evaluations, and policy reports focused on education topics such as school access, educational attainment, curriculum and pedagogy, teacher quality, educational inequality, special education, vocational training, higher education, lifelong learning, and education policy reforms. Include comparative and country-specific research, quantitative and qualitative studies, and research linking education to outcomes like earnings and social mobility. Exclude publications that refer to 'education' only metaphorically or peripherally, studies solely about non-educational organizations using 'education' as a label, and highly technical works in unrelated fields that use 'education' in a different sense.
2769	einstellung zum islam	Publications examining attitudes toward Islam and Muslims: public opinion studies, prejudice research, media discourse analyses, and studies on policy implications and social integration.	"Include empirical and theoretical works that explicitly measure or analyze attitudes toward Islam or Muslims (""Einstellung zum Islam""), including public opinion surveys, social-psychological studies on prejudice and Islamophobia, media and political discourse analyses, and research on the effects of attitudes on policy, discrimination, and social cohesion. Studies may focus on country-specific or cross-national comparisons, subgroups, or temporal change. Exclude publications that deal with theological scholarship about Islam without addressing public or social attitudes, and works that use 'Islam' only as a background descriptor without analyzing attitudes."
47410	einstellung zur zuwanderung	Publications on attitudes toward immigration/migrants: public opinion research, determinants of immigration attitudes, political consequences, and policy debates.	"Include studies that investigate public attitudes toward immigration (""Einstellung zur Zuwanderung""), including support or opposition to immigration levels, attitudes toward specific immigrant groups, determinants of immigration attitudes (economic, cultural, security), media and political framing effects, and links to voting or policy preferences. Both cross-sectional and longitudinal analyses, comparative studies, and evaluations of messaging interventions are relevant. Exclude works focused solely on migration flows, legal procedures, or migrants' own attitudes unless they pertain to public attitudes about immigration."
47832	einstellung zu ausländern	Publications analyzing attitudes toward foreigners: public opinion, prejudice toward non-nationals, social integration, and consequences for policy and discrimination.	"Relevant publications explicitly study attitudes toward foreigners (""Einstellung zu Ausländern"") or non-citizen groups, including social-psychological research on prejudice and xenophobia, surveys of public sentiment toward immigrants and foreign residents, analyses of determinants of xenophobic attitudes, and implications for social cohesion and policy. Include comparative and national studies, trend analyses, and works linking attitudes to discriminatory behaviors. Exclude studies about foreign policy or international relations that use 'foreigner' in a diplomatic or state-centric context without addressing public attitudes toward people."
47836	einstellung zu fremden	Scholarly publications (articles, books, chapters, reports) analyzing attitudes toward 'foreigners', migrants, immigrants, or ethnic outgroups; includes theoretical and empirical studies in sociology, political science, social psychology, and migration studies.	Include works that empirically or theoretically address attitudes, opinions, stereotypes, prejudice, xenophobia, social distance, integration attitudes, or public opinion regarding 'foreigners' (Fremde) or immigrants. Relevant publications cover national or comparative studies, qualitative and quantitative analyses, longitudinal and cross-sectional research, policy reports, and literature reviews on immigrant attitudes. Exclude items that focus exclusively on unrelated meanings of 'Fremde' (e.g., literary uses without social-attitudinal analysis), studies on mobility or tourism that do not address attitudes toward outgroups, and purely biological/medical studies that do not examine social attitudes.
5783	einstellung gender	Research publications examining attitudes toward gender, gender roles, gender equality, sexism, and related normative beliefs across disciplines such as sociology, gender studies, psychology, and political science.	Include empirical and theoretical publications on gender attitudes (attitudes about gender roles, gender equality in work/family/politics, gender ideology, sexism, and discrimination), comparative and national studies, longitudinal trends, and interventions to change gender attitudes. Exclude publications that use 'gender' solely as a demographic variable without analyzing attitudes, technical gender theory texts with no attitudinal focus, and medical/biological studies that do not engage with social attitudes.
47494	einstellungen zum islam	Scholarly publications analyzing attitudes toward Islam and Muslims, Islamophobia, integration debates, and public opinion concerning Islam in societal and political contexts.	Include empirical and theoretical studies on public attitudes toward Islam/Muslims, prejudice and discrimination against Muslims, media representation, political mobilization around Islam, and comparative research on Islam-related attitudes. Also include policy analyses and surveys of public opinion about Islamic practices and Muslim communities. Exclude theological treatises on Islam that do not address public attitudes, purely historical studies without connection to contemporary attitudes, and medical research unrelated to social perceptions.
66819	employ poland	Publications on employment, labor market dynamics, workplace policies, and employment-related outcomes in Poland, including comparative studies of the Polish labor market.	Include empirical studies, policy reports, working papers, and books addressing employment rates, unemployment, labor force participation, job quality, informal employment, migration-for-work, youth employment, gendered employment patterns, and labor market reforms in Poland. Also include comparative European analyses where Poland is a focal case. Exclude publications about employment in other countries that merely mention Poland in passing, and studies unrelated to labor market or employment (e.g., general demographic history without labor analysis).
67161	entfremdung der arbeit	Scholarly works on alienation from work (Entfremdung der Arbeit), including theoretical treatments (Marxist and sociological), empirical studies of job alienation, and research on related constructs like meaning at work and disengagement.	Include theoretical analyses of work alienation (classical Marxist theory and modern revisions), empirical studies measuring dimensions of alienation (powerlessness, meaninglessness, isolation, self-estrangement), occupational studies, organizational psychology research on alienation and job satisfaction, and comparative labor studies. Exclude uses of 'alienation' unrelated to work (e.g., cultural alienation in a non-work context) unless explicitly linked to employment or occupational experience.
79	environment	Publications addressing the natural, built and social environment, including environmental science, environmental policy, pollution, sustainability, environmental health, and environmental education.	"Relevant publications report empirical studies, reviews, theory, policy analyses or evaluations focused on environmental topics: ecology, climate change, air/water/soil pollution, environmental policy and governance, sustainability transitions, environmental justice, urban and built environment studies, and environmental attitudes/behaviour. Include cross-disciplinary social science work that treats environmental outcomes or human–environment interactions as a principal focus. Exclude works that use 'environment' only metaphorically or as incidental context (e.g., generic organizational ""work environment"" references with no environmental or ecological content), unless the organizational environment is analyzed for environmental outcomes or sustainability."
66255	environmental attitude	Publications studying attitudes toward the environment: measurement, determinants, outcomes, cross-national comparisons, and links between attitudes and behaviour or policy support.	Include empirical and theoretical publications that define, measure, validate or analyse environmental attitudes (e.g., concern for environment, ecological worldview, climate worry), including psychometric studies of scales, determinants (socio-demographic, cultural, political), and consequences for behaviour and policy preferences. Exclude texts that mention environmental attitude only peripherally or focus solely on objective environmental indicators without considering attitudes or perceptions.
6177	erziehung	Publications on Erziehung (upbringing, education, socialization): family socialization, parenting, early childhood education, formal education processes, and pedagogical theory, including German-language literature.	Include empirical studies, theoretical works and reviews focusing on upbringing, parenting practices, childrearing, educational methods (Erziehung in German pedagogical sense), socialization processes, and comparative studies of educational systems. Include German-language publications and works that use 'Erziehung' as a primary concept. Exclude uses of 'Erziehung' in highly specialized non-pedagogical senses (e.g., historical usages unrelated to human development) or documents that only mention the term tangentially.
69762	evaluation soziale arbeit	Publications on evaluation in social work (Evaluation Soziale Arbeit): program evaluation, outcome assessment, methods and best practices specific to social work practice and services, including German-language literature.	Include empirical evaluations of social work programs, methodological papers on evaluation design in social work, case studies, systematic reviews and theoretical contributions on measuring social work outcomes. Focus on works that address evaluation frameworks, indicators of client well‑being, fidelity, implementation, and effectiveness within social work contexts. Exclude generic program-evaluation literature with no application to social work or documents that only mention social work tangentially.
69276	external political efficacy	Publications examining external political efficacy: conceptualization, measurement, determinants, consequences for political behaviour, and cross-national comparisons.	Include theoretical and empirical studies that define and measure external political efficacy (the belief that political institutions and actors are responsive to citizens), its antecedents (trust, representation, media, socioeconomic status), and outcomes (participation, protest, policy support). Include scale development/validation papers and comparative research using national or cross-national survey data. Exclude works that only discuss internal efficacy or general political efficacy without separate treatment of external efficacy.
69667	familie beruf	Studies and reports on family–work interactions, work–family conflict, parental employment, reconciliation policies, and employment patterns among parents.	Include publications (articles, books, reports, policy papers) that examine how family responsibilities and employment interact: parental employment trajectories, part‑time vs full‑time work, maternity/paternity leave, childcare use and access, flexible working arrangements, work–family conflict, employer practices affecting families, and cross‑national comparisons of family‑friendly labour policies. Include empirical studies, longitudinal analyses, and policy evaluations. Exclude works focused solely on unrelated labour market topics (e.g., unemployment without family context), purely clinical family therapy, or biological/fertility studies that do not address employment or reconciliation of work and family.
69687	familie karriere	Research on the interplay between family life and career development: career trajectories of parents, gendered career outcomes, childcare effects on career progression, and organizational career policies.	Include publications that investigate how family formation, parenthood, and caregiving influence career paths, promotion chances, occupational mobility, earnings trajectories, and career interruptions. Also include employer and policy analyses addressing career support (mentoring, flexible schedules, parental leave impact on careers). Prioritize empirical longitudinal research, qualitative career histories, and comparative studies of career outcomes by family status. Exclude literature solely about family therapy, fertility biology, or career studies that do not consider family or caregiving factors.
52915	family and changing gender roles	Scholarly works on transformations in gender roles within families: changing division of labour, parental roles, gender role attitudes, and implications for family structure and policy.	Include publications that analyze shifts in gender norms and practices inside households: trends in fathers' involvement in childcare, women's labour market participation, negotiation of household tasks, couple dynamics, intergenerational changes in gender attitudes, and policy effects on gender role change. Include quantitative trend analyses, qualitative ethnographies, cross‑national comparisons, and theoretical work on gender and family change. Exclude studies that treat gender only biologically or that focus exclusively on non‑family institutional gender dynamics without linking to family life.
67689	family	Broad literature on family: family structure, life course transitions, parenting, households, kinship, intergenerational relations, family policy, and demographic trends.	Include publications covering empirical and theoretical research on families and households: marriage/cohabitation, divorce/separation, fertility and childbearing, parenting practices, intergenerational support, household composition, kin networks, demographic change, family policy, and socioeconomic determinants of family outcomes. Include cross‑disciplinary work (sociology, demography, social policy, psychology) and both quantitative and qualitative studies. Exclude works that use 'family' only metaphorically or unrelated technical uses (e.g., mathematical families) and clinical case reports not addressing broader family processes.
67775	family and gender	Research at the intersection of family and gender: gendered family roles, parenting practices, division of labour, gender inequalities within households, and gendered effects of family policy.	Include empirical and theoretical publications exploring how gender shapes family life and how family contexts shape gender relations: studies on maternal and paternal roles, gender gaps in earnings and care, negotiation of household tasks, gendered impacts of parenthood, intersectionality (race/class) in family gender dynamics, and evaluations of policies affecting gender equality in families. Prioritize works that explicitly analyze both family and gender dimensions. Exclude research addressing gender in non‑family institutions only, or family studies that ignore gendered processes.
68742	form of employment	Scholarly and policy publications that define, measure, compare or evaluate types of employment contracts and work arrangements (e.g., full-time, part-time, temporary/fixed-term, permanent, self-employed, gig work, on-call, zero-hours, agency work, telework). Includes comparative, historical, legal, labor-economics, and social policy studies addressing causes, consequences and measurement issues of different employment forms.	Relevant publications: empirical articles, reviews and reports that explicitly focus on the classification, prevalence, determinants or outcomes of distinct forms of employment; papers that use international or national definitional frameworks (ILO, EU) or propose typologies of employment. Include studies of working hours, contract type, job tenure, precarious work and gig economy that report operational definitions. Exclude works that use 'form' in unrelated senses (e.g., corporate legal form, organizational form unrelated to individual employment contracts), publications solely about macroeconomic indicators without disaggregating employment types, or papers that only nominally mention employment form without measures or definitions.
61134	führung und vertrauen	German-language and bilingual publications on the relationship between leadership (Führung) and trust (Vertrauen) in organizations and groups: theoretical work and empirical studies examining trust in leaders, leader behaviors that foster trust, leader–member exchange, and organizational trust dynamics.	Relevant publications: empirical articles, German-language dissertations, book chapters and reports that explicitly study how leadership affects trust (trust in managers, trust in leadership), or how trust shapes leadership effectiveness; includes studies using German samples or German-language measures. Include cross-cultural comparisons where leadership and trust constructs are central. Exclude works where 'Führung' refers to guided tours, instructions, or generic steering unrelated to leadership in social/organizational contexts, or publications that mention trust only tangentially.
61312	führung	Publications on leadership (Führung) in organizations, teams and political or social movements: theories of leadership, leadership styles (transformational, transactional, servant, authoritarian), leadership effectiveness, leadership development, and cross-cultural leadership studies. Includes German-language and international literature.	Relevant publications: empirical studies, theoretical papers, reviews and practitioner reports that focus on leadership concepts, measurement, antecedents and outcomes at individual, team and organizational levels. Include work on leader traits, behaviors, situational leadership, leadership development programs and leadership assessment. Exclude uses of 'Führung' that refer to tours/guided visits, simple instructions, or non-social leadership contexts (e.g., device controls) that are unrelated to social influence or managerial roles.
2541	gender role	Publications about gender roles and gender-role attitudes: theoretical and empirical studies on beliefs about appropriate behaviors, responsibilities and identities for genders; research on role socialization, division of labor, family roles, occupational gender norms and changes over time.	Relevant publications: papers, books and reports that measure, analyze or theorize gender role attitudes/identities (e.g., traditional vs. egalitarian role beliefs), their determinants and consequences. Include cross-national comparisons, longitudinal trend analyses and research using attitude scales. Exclude studies solely about biological sex differences without reference to socially prescribed roles, or uses of 'role' in contexts unrelated to gender norms.
3938	gender	Publications addressing gender as a social and identity category: studies of gender identity, gender expression, gendered inequalities (labor market, health, politics), gender theory, and intersectional analyses of gender with class, race, sexuality and age.	Relevant publications: empirical and theoretical works that explicitly engage with 'gender' as distinct from biological sex, including research on gender identity, norms, discrimination, policy impacts, and measurement issues. Include studies using gender-disaggregated data or gender-focused qualitative research. Exclude papers that use 'gender' interchangeably with 'sex' without conceptual clarity, or works that do not treat gender as an analytical focus.
61636	gender studies	Scholarly publications addressing the study of gender as a social, cultural, political and historical category, including feminist theory, masculinity studies, queer studies and intersectional analyses.	Include: peer‑reviewed articles, books, book chapters, review articles and conference papers that explicitly focus on gender (social constructions of sex, gender identities, gender inequality, gender policy, intersectionality). Relevant geographic or historical case studies are in scope. Exclude: purely biomedical or genetic studies of biological sex differences that do not treat gender as a social construct; popular media pieces, opinion blogs, and non‑scholarly content unless published in an academic venue.
62134	general self-efficacy	Academic literature on the concept of general self‑efficacy: theoretical foundations, psychometric evaluations, applications and correlational/causal studies across populations.	Include: empirical studies, theoretical articles, literature reviews and meta‑analyses that explicitly discuss general self‑efficacy as a construct (e.g., Schwarzer & Jerusalem), its measurement, validity, cross‑cultural adaptations and links to outcomes (health, education, work). Exclude: studies that only address domain‑specific self‑efficacy (e.g., academic, sporting) unless they also include or compare a general self‑efficacy measure.
2575	generation y	Research publications about Generation Y (Millennials): demographic, social, occupational, cultural and attitudinal studies that identify or analyze this birth cohort.	Include: empirical and theoretical works that explicitly focus on or identify Generation Y / Millennials (commonly born roughly 1980s–mid/late 1990s), covering topics such as labour market behavior, political attitudes, family formation, consumption, technology use and cohort comparisons. Exclude: generic youth studies without cohort specification and studies using different cohort labels unless they clearly overlap and map to Generation Y by birth years.
1423	generelle selbstwirksamkeit	German and international publications on general self‑efficacy (generelle Selbstwirksamkeit), covering theory, measurement, validation and applied research.	Include: German‑language and translated studies that explicitly treat 'generelle Selbstwirksamkeit' or the General Self‑Efficacy construct (e.g., Schwarzer & Jerusalem German version), psychometric evaluations, and applied research linking it to outcomes. Exclude: publications dealing only with context‑specific Selbstwirksamkeit (e.g., schulische Selbstwirksamkeit) unless they also address the general construct.
61544	geschlecht und geschlechterrollen	Scholarly works on sex/gender and gender roles (geschlecht und Geschlechterrollen), including studies of role expectations, socialization, division of labour and normative gender behaviour.	Include: empirical and theoretical literature on gender roles, role socialization, attitudes toward gendered divisions of work, masculinity/femininity constructs, and policy studies addressing role norms. Both German and international publications are relevant where they explicitly address gender roles. Exclude: studies focused solely on biological sex without addressing roles or norms.
61473	geschlechter rolle	Publications that address gender roles and the social expectations, behaviors and responsibilities associated with gender. Includes empirical articles, theoretical papers, books and reports on gender role attitudes, socialization, division of labor, family roles, workplace roles and intersections with health, education, and policy.	Include publications in German or other languages that explicitly study 'gender role' (singular) as a social construct: empirical studies measuring role endorsement, theoretical treatments of role concepts, historical or comparative analyses of gender role formation, and applied research linking gender role expectations to outcomes (health, employment, family life, identity). Include qualitative and quantitative work as well as policy reports. Exclude works that use the word 'role' in non-gender contexts (e.g. job role descriptions without reference to gender), purely biological sex-differences research that does not address social roles, and materials where 'role' appears only tangentially.
59288	geschlechterrollen	Publications on gender roles (plural), including research on stereotypes, normative expectations, role changes over time, cross-cultural comparisons, and the effects of gender roles on social outcomes.	Include empirical studies, reviews, comparative and historical analyses, policy papers and qualitative research that explicitly investigate 'gender roles' as social norms, stereotypes, or patterns of behavior across contexts (family, work, education). Include cross-national comparisons and trend analyses of changing gender roles. Exclude publications that use the term in passing without substantive analysis, studies focused solely on biological sex differences without social role discussion, and irrelevant disciplinary uses of 'roles' (e.g. system roles in IT).
4690	gesundheit	Publications covering health in broad sense: public health, epidemiology, health services, clinical studies, health policy, health behavior, and population health analyses.	Include empirical studies, reviews, clinical reports, health policy analyses and books that focus on physical or population health, disease burden, prevention, health promotion, health care delivery and determinants of health. Include studies at individual and population levels, in German and other languages. Exclude non-health uses of 'gesundheit' (colloquial exclamation) and publications in unrelated domains (e.g. veterinary health unless explicitly about human health when relevant).
58542	gesundheit psychisch	Publications on mental health and psychological wellbeing, including epidemiology of mental disorders, clinical psychiatry, psychotherapy research, public mental health, and studies of stress, wellbeing and mental health services.	Include empirical and review articles, clinical reports, policy analyses and books that address mental health outcomes (depression, anxiety, stress, well-being), mental health services, determinants and interventions, and population-level mental health trends. Include both clinical and community-focused research. Exclude publications that deal solely with neurological disorders without psychiatric/psychological relevance or that mention 'psychisch' only peripherally.
58545	gesundheit patienten	Publications focusing on patient health, patient populations, patient experiences, clinical outcomes, patient safety, and health care delivery for patients.	Include empirical studies, clinical reports, qualitative research and reviews that explicitly study patients: disease-specific patient cohorts, patient-reported outcomes, studies of patient pathways, care quality, satisfaction, adherence, and health outcomes in clinical populations. Exclude publications about general population health without a focus on patients or those that use 'patient' metaphorically.
58585	gesundheit betrieb	Publications on workplace-based health, occupational health management, and company-level health promotion and prevention measures.	Relevant publications address health promotion, occupational safety and health (OSH) programs, workplace health policies, company-level interventions, organizational determinants of employee health, return-to-work programs, occupational health services, and evaluations of health promotion at the enterprise level. Include empirical studies, reviews, program descriptions, policy analyses, and economic evaluations focused on businesses, firms, factories, schools or other workplaces. Exclude publications limited to individual clinical care outside the workplace, general population health without connection to workplaces, purely clinical disease biology unrelated to occupational context, or publications solely about health care institutions unless framed as workplace health for staff.
58610	gesundheit im betrieb	Literature on health within the workplace: employee health status, working conditions, and in-company health interventions.	Include research on how work environment, organizational practices, and occupational exposures affect health of employees; studies evaluating workplace interventions (ergonomics, mental health programs, workplace wellness); surveillance reports of work-related illnesses and injuries; and qualitative work on employee perceptions of health at work. Exclude literature that discusses health in non-workplace contexts only, primary clinical research without workplace linkage, or studies of health systems not addressing workplace staff or conditions.
58700	gesundheit von beschäftigten	Studies and reports on the health of employees and other employed persons across occupations and sectors.	Include empirical research, reviews, surveillance reports, and policy analyses that focus on the physical, mental, and social health of workers. Topics include prevalence and determinants of work-related diseases, mental health among employees, absenteeism and presenteeism, occupational morbidity and mortality, and subgroup analyses by occupation, industry, gender, age. Exclude research on non-employed populations, clinical studies not addressing employment-related factors, or studies about employers' finances without health focus.
58705	gesundheitliche beschwerden	Publications on health complaints and symptom reports, including somatic and psychosomatic symptoms in working populations.	Include studies documenting prevalence, determinants, and consequences of self-reported health complaints (e.g., pain, fatigue, headaches, gastrointestinal symptoms, sleep problems), work-related symptom clusters, and clinical or survey-based assessments of symptom burden. Include research on reporting patterns, occupational antecedents of complaints, and intervention studies reducing symptom prevalence. Exclude purely diagnostic clinical case reports without relevance to population-level complaints, studies of laboratory biomarkers without symptom correlation, or publications focused only on major disease diagnoses unless symptoms are central.
4600	gewalt	Publications on violence in its various forms: interpersonal, domestic, workplace, sexual, political, and community violence.	Include empirical studies, reviews, policy analyses, and program evaluations addressing causes, prevalence, risk factors, consequences, prevention, and intervention related to physical, sexual, psychological, and structural violence. Cover settings such as homes, schools, workplaces, public spaces, conflict zones, and institutions. Include studies on self-reported victimization, perpetration, bystander behavior, and service responses. Exclude literature solely on criminal procedure without health/social outcomes, animal violence not framed in human social research, or purely theoretical treatments with no empirical or applied focus unless they inform measurement or intervention.
58858	gewalt jugend	Publications addressing violence involving children and adolescents (victimization, perpetration, exposure) across contexts such as family, school, peers, community, and online.	Include empirical articles, reviews, policy reports and book chapters that focus on physical, sexual, psychological, or relational violence where at least one party is a child or adolescent (typically ages ~0–19). Relevant topics: youth perpetration, youth victimization, exposure to domestic or community violence, bullying/cyberbullying, dating violence among adolescents, and prevention/intervention programs targeted at young people. Include studies from criminology, psychology, public health, education and social work. Exclude works that primarily address adult-only samples, large-scale armed conflict or terrorism when youth are not the primary focus, non-violent delinquency without a violence component, and purely theoretical pieces with no empirical or applied focus on youth.
60151	global life satisfaction	Publications examining cross-national or global measures and comparisons of life satisfaction and subjective well‑being across populations and countries.	Include empirical studies, comparative analyses, methodological papers, and reports that use or critique global measures of life satisfaction (e.g., Cantril ladder, single-item life satisfaction questions, SWLS) to compare countries, regions or population subgroups. Relevant topics: trends over time, determinants of national life satisfaction, happiness economics, cross-cultural measurement invariance, and policy implications. Exclude studies only focused on narrow clinical populations without broader subjective well‑being context, or purely theoretical discussions that do not engage with cross-national measurement or data.
3148	health	Publications on health from a social-science and public-health perspective, including physical and mental health, health behaviors, healthcare access, and health determinants and outcomes.	Include empirical studies, reviews, policy analyses, and public health reports addressing population health, disease burden, health inequalities, health behaviors (smoking, diet, exercise), mental health, healthcare utilization and access, health policy, and social determinants of health. Studies may be cross-sectional, longitudinal or intervention evaluations. Exclude purely molecular, cellular or bench-lab biomedical research that does not engage with population- or social-level health questions, veterinary health, or highly specialized clinical case reports lacking broader public-health relevance.
383	home office	Publications on working from home / telework / remote work, focusing on effects for employees, organizations, work–life balance, productivity, ergonomics, and policy.	Include empirical studies, literature reviews, case studies and policy analyses that examine home-based work arrangements (telework, remote work, work-from-home), their prevalence, determinants, effects on job performance, well-being, work–family conflict, organizational practices, digitalization, and occupational health/ergonomics. Include research on telework during COVID-19 and comparative analyses across sectors. Exclude publications solely about setting up home office furniture sales/retail, purely technical IT infrastructure guides without social or organizational analysis, or non-work-related home-office aesthetics.
221	immigration	Publications on immigration and migrants, covering migration flows, integration, policy, socioeconomic outcomes, health, and legal status.	Include empirical studies, reviews, policy analyses and theoretical works that address international migration, immigrant integration and assimilation, labor market outcomes of immigrants, refugee/asylum issues, migration policy and laws, remittances, transnationalism, and migrant health and education. Relevant disciplines: sociology, demography, economics, political science, public health and law. Exclude studies exclusively about internal migration (unless relevant), tourism travel statistics not related to migration, and purely historical migration narratives with no contemporary analytical relevance unless explicitly comparative.
52895	inequality	Publications addressing social, economic, health, educational, gender, racial, and spatial inequalities, including theoretical analyses, empirical studies, reviews, and policy discussions.	Relevant publications examine inequality as a primary topic or present substantial empirical or theoretical treatment of disparities (income, wealth, poverty, labor market, health, education, gender, race/ethnicity, regional/urban-rural). Include comparative, cross-national, longitudinal, and case studies, and works that discuss causes, consequences, measurement, and policy responses. Exclude works where 'inequality' is only mentioned tangentially or used metaphorically without substantive analysis (e.g., brief mentions in unrelated topics), and exclude purely methodological papers with no application to social/economic disparities unless they introduce widely used measures of inequality (e.g., Gini) and discuss interpretation.
63271	information trust	Scholarly works on trust in information, credibility of sources, information-seeking behavior, misinformation and disinformation, and the role of institutions and media in shaping public trust.	Include publications that investigate trust in information sources (news media, social media, governmental communications, experts), factors influencing perceived credibility, trust dynamics in digital environments, effects of misinformation, and interventions to build or measure trust in information. Empirical, theoretical, and review articles are relevant. Exclude papers where 'trust' refers to interpersonal trust unrelated to information exchange, or where information trust is only a passing phrase without substantive engagement.
63273	information politik	Publications on information policy and information politics: regulation, governance, political use of information, transparency, information control, and the political implications of information flows and technologies.	Include works that address policies governing information (data protection, freedom of information, media regulation), the political uses of information and communication (propaganda, public diplomacy, surveillance, open government), and scholarly analyses of how information shapes political processes. Include normative, empirical, and legal studies focused on the politics of information. Exclude publications that only mention 'information' in technical contexts without linking to policy or political effects.
63264	informations- und kommunikationstechnologie	Publications on information and communication technologies (ICT): adoption, diffusion, digital skills, digital divide, ICT impacts on society, employment, education, and public services.	Include empirical and theoretical studies of ICT use, access, outcomes of digital technologies (internet, mobile, broadband, e‑government, ICT in education/workplaces), digital inequalities, policy evaluations of ICT programs, and societal implications of ICT proliferation. Exclude highly technical engineering papers focused on hardware design or low-level protocols when they lack social-science relevance to use, access, or impact.
5945	interesse für politik	Publications on political interest (interest in politics): its measurement, determinants, consequences for participation, civic engagement, political knowledge, and attitudes.	Include studies that focus on individual-level political interest or political attentiveness, its relationship with voting and other forms of participation, media consumption patterns, socialization, demographic correlates, and cross-national comparisons. Also include methodological work on measuring political interest. Exclude works where 'interest' refers to policy interest groups or institutional interests rather than individual political interest.
62692	interesse an führung	Publications that study individuals' interest or aspiration to assume leadership or supervisory roles. Includes empirical articles, reviews, theoretical papers and reports on leadership interest, leadership aspiration, desire for promotion, or intent to lead in organizational, educational or political settings.	Relevant publications explicitly address personal interest in leadership (e.g., leadership aspiration, willingness to lead, desire for managerial positions). Include cross-sectional and longitudinal empirical studies, theoretical treatments, and applied reports in German or English. Exclude works that only discuss leadership styles, team leadership effectiveness, organizational leadership structure, or leader traits without linking them to individuals' interest/aspiration to occupy leadership roles. Exclude studies focused solely on leadership training outcomes unless they measure pre-existing or changed interest in leadership.
15911	motivation in der arbeit 	Publications on work motivation: research about intrinsic and extrinsic motivation at work, employee engagement, motivational antecedents and outcomes, job design effects on motivation, and interventions to enhance workplace motivation.	Relevant publications explicitly address motivation in occupational contexts (paid work, volunteer work, internships). Include empirical studies, meta-analyses, theoretical frameworks (self-determination theory, expectancy theory), and applied evaluations of motivational interventions. Exclude studies of academic or school motivation unless directly tied to work contexts (e.g., vocational training). Exclude literature solely on job satisfaction unless motivation is a primary focus.
15758	job satisfaction	Publications investigating job satisfaction: conceptualizations, determinants (job characteristics, leadership, pay), consequences (performance, turnover, health), measurement issues, cross-cultural comparisons, and interventions to improve satisfaction.	Include empirical studies, reviews and theoretical works where job satisfaction is a primary variable or outcome. Accept workplace-focused research across sectors and populations (employees, volunteers). Include studies on overall and facet-specific job satisfaction. Exclude articles that mention satisfaction only peripherally or focus solely on unrelated outcomes without assessing job satisfaction.
15423	jugendliche	Publications about adolescents (youth roughly aged 10–19): health, education, mental health, social behavior, risk behavior, development, and transition to adulthood. Includes empirical studies, reviews and policy reports focused on adolescent populations.	Relevant work centers on persons in adolescence (approximately ages 10–19, flexible to include lower/upper bounds in studies). Include research on physical and mental health, schooling, labor market entry, identity, family and peer influences, and youth policy. Exclude studies focusing solely on children under 10 or adults beyond adolescence unless data are disaggregated for adolescent subsamples.
17369	kinder und jugendliche	Publications concerning children and adolescents (birth through late adolescence): research on development, health, education, family, mental health, socialization, and policy issues affecting minors.	Relevant publications explicitly target children (infancy, childhood) and/or adolescents (up to ~18–19 years). Include empirical studies, longitudinal cohorts, reviews, clinical and educational research, and policy analyses addressing developmental, health, psychosocial, and educational outcomes. Exclude studies exclusively on adult populations or animal studies. Where age ranges are broad, include only if results for children/young people are separately reported.
6322	klima	Publications addressing 'klima' (climate) in broad senses: atmospheric/climatic systems, climate change impacts, climate policy, climate science, climate perception and discourse. Includes empirical studies, reviews, theoretical work, and policy analyses in social and natural sciences.	Relevant publications are those whose primary topic is climate or climatic phenomena (e.g., temperature trends, precipitation patterns, climate modelling, climate policy, public perceptions of climate). Include interdisciplinary works linking climate to health, economics, agriculture, urban planning, and social responses. Exclude items where 'klima' appears only metaphorically or as a minor mention (e.g., office climate used solely as workplace atmosphere) unless the work explicitly treats atmospheric or socio-environmental climate. Include publications in German or English and both empirical and conceptual studies.
6370	klimawandel	Publications specifically on 'klimawandel' (climate change): causes (anthropogenic and natural), impacts, mitigation, adaptation, vulnerability, policy responses, public perceptions, and communication of climate change.	Relevant works explicitly address climate change dynamics, evidence of warming, attribution studies, mitigation strategies (emission reduction, renewable energy), adaptation planning, socio-economic impacts, and public attitudes to climate change. Include empirical studies, case studies, reviews, policy evaluations, and IPCC-related analyses. Exclude publications that mention 'climate change' only peripherally or use the term metaphorically.
13621	kultur	Publications on 'kultur' (culture): cultural practices, arts, heritage, cultural policy, cultural sociology/anthropology, cross-cultural studies, cultural values and identity, and cultural change.	Relevant publications focus on aspects of culture—traditions, norms, rituals, arts and cultural industries, heritage management, cultural policy, cultural identity and practices, and comparative cultural studies. Include theoretical, ethnographic, historical, policy-oriented, and quantitative works. Exclude works where 'culture' is used only in a narrow biological/medical sense (e.g., cell culture) unless paired with socio-cultural content.
21558	lernen am arbeit	Publications on workplace learning ('lernen am Arbeit'): on-the-job learning, informal and formal workplace training, continuing vocational education, learning organisations, apprenticeships, and adult learning in employment contexts.	Relevant publications investigate how learning occurs at work (formal training, mentoring, peer learning, workplace practices), effectiveness of training programs, impacts on skills and career development, organizational learning, and policy on lifelong learning. Include case studies, evaluations, longitudinal studies, and theoretical work. Exclude general education literature not linked to work contexts or uses of 'learning' that are purely technological (machine learning) unless tied to human workplace learning.
21877	links rechts orientierung	Publications on left-right orientation ('links-rechts Orientierung'): political ideology, ideological self-placement, left-right constructs, partisan placement, ideology measurement, and the role of left-right orientation in voting and attitudes.	Relevant works explicitly study left-right political orientation, including conceptual debates about the left-right dimension, empirical analyses of self-placement scales, its relationship with policy attitudes and party choice, and cross-national comparisons. Include methodological papers on measuring ideological placement. Exclude non-political uses of left/right (spatial orientation, handedness) unless clearly about political orientation.
4835	media	Publications addressing media as channels of communication and information (e.g., mass media, social media, digital platforms), their production, content, audiences, effects, regulation, and representation.	Relevant publications are empirical studies, reviews, theoretical papers, reports, and books that focus on media communication, media use, media effects, media policy, journalism, digital platforms, social media, advertising, media literacy, media representations, and related sociological or political implications. Include publications that examine specific media formats (television, radio, newspapers, online news, blogs, social networking sites), media consumption patterns, media content analysis, audience studies, algorithmic bias in platforms, and media influence on attitudes and behavior. Exclude works where 'media' refers to biological or laboratory media, physical manufacturing media, or unrelated metaphorical uses (unless the communication/media meaning is central). Also exclude purely technical engineering studies of hardware components that do not treat media as channels of communication or social phenomena.
22227	merkmale der arbeit	Publications on characteristics of work (job attributes), work conditions, job quality, job design, employment features, task composition, and occupational characteristics.	Relevant publications include empirical studies, theoretical articles, policy reports, and books that investigate job characteristics such as autonomy, task variety, skill requirements, workload, supervisory relations, work stressors, physical conditions, flexibility, contractual arrangements (temporary vs permanent), job demands–resources, job quality indicators, and occupational qualification profiles. Include research on measurement and conceptualization of work characteristics, sectoral differences, and implications for health, well‑being, productivity, and inequality. Exclude publications that are not about job/work characteristics (e.g., general labor market trends without link to job features), or those using the phrase in unrelated contexts (e.g., product characteristics rather than job attributes).
427	migration	Publications on migration, including international and internal migration flows, causes and consequences, migrant integration, policies, remittances, refugees and asylum, and migration governance.	Relevant publications are empirical, theoretical, or policy-oriented works that analyze migration processes (immigration, emigration, internal migration), determinants (economic, political, environmental), migrant integration and acculturation, labor migration, refugee and asylum studies, return migration, transnationalism, diasporas, remittances, and migration policy and law. Include demographic, sociological, economic, and public-health perspectives. Exclude works that use the term 'migration' in unrelated scientific contexts (e.g., cell migration in biology) unless the human migration meaning is central.
18263	mitarbeiter	Publications concerning employees/staff (mitarbeiter): employment relations, staff management, workplace behavior, employee well‑being, organizational studies, and HR practices.	Relevant publications include empirical studies, theoretical papers, case studies, and reports about employees, including topics such as job satisfaction, motivation, performance, absenteeism, turnover, employee engagement, workplace relations, HR policies, leadership effects on staff, training and development, and staff demographics. Include works that focus on staff in various sectors and occupational groups. Exclude publications where 'Mitarbeiter' is used in non-employee contexts (e.g., co-author lists) or documents primarily about employers, customers, or markets without focus on employees.
20775	mobilität	Publications on mobility (mobilität), including transport and commuting, spatial mobility, social mobility, accessibility, migration-related mobility, and mobility behavior and policy.	Relevant publications are studies, reviews, and reports that investigate human mobility behaviors and systems: transportation modes and choices, commuting patterns, travel behavior, urban mobility, accessibility and spatial planning, mobility inequality, social mobility and career mobility, mobility transitions, and mobility-related policy and infrastructure. Include empirical analyses, modeling studies, and qualitative research on barriers and enablers of mobility. Exclude studies that use 'mobilität' solely in metaphorical or unrelated technical contexts (e.g., molecular mobility in physics or chemistry) unless human or social mobility is central.
20969	motivation and mitarbeiter	Publications on employee motivation and workplace-related motivational processes, including empirical studies, reviews, and theoretical work in organizational/industrial psychology and human resources.	Include studies that investigate motivation among employees, work engagement, job satisfaction, organizational commitment, incentive systems, leadership effects on motivation, motivation interventions in workplace settings, and cross-cultural comparisons of employee motivation. Include both quantitative and qualitative empirical work and meta-analyses. Exclude publications that focus on non-employee populations (e.g., students, athletes) unless the study explicitly concerns workplace or occupational contexts; exclude purely technical HR system descriptions without motivational focus.
21258	motivation und lernen	Publications addressing the role of motivation in learning processes across educational levels and learning settings, including theoretical frameworks and empirical studies.	Include research on how motivation affects learning outcomes, instructional design targeting motivation, self-regulated learning, achievement motivation, intrinsic/extrinsic motivation in classroom and online learning, motivation interventions, and theoretical accounts (e.g., self-determination theory, expectancy-value). Include experimental, longitudinal, and classroom-based studies as well as reviews. Exclude works solely about motivation in non-learning contexts (e.g., workplace motivation) unless tied to learning/training.
21259	motivation und interesse	Publications exploring the relationship between motivation and interest (personal and situational) across educational, psychological, and applied contexts.	Include empirical and theoretical work on how interest and motivation interact (e.g., development of interest, situational vs. individual interest, interest as antecedent/consequence of motivation), measures and interventions to foster interest, and studies linking interest to engagement and learning or behavior. Include cross-disciplinary work (education, psychology). Exclude studies that use 'interest' in a non-psychological sense (e.g., financial or consumer interest) unless psychological interest constructs are central.
7965	nutzung medien	Publications on media use and media consumption patterns, including studies of digital, social, traditional, and multi-platform media usage and effects.	Include empirical studies, surveys, time-use research, and reviews that examine frequency, duration, platforms, purposes (news, entertainment, socializing), media multitasking, demographic differences, and effects of media use. Include cross-national comparisons and studies on media literacy and digital media behaviors. Exclude purely technical telecommunications literature (network infrastructure) unless it directly addresses user media consumption behavior.
6939	online sport	Publications on online sport activities, including online fitness services, virtual training, e-sports, digital sport participation, and studies of online sport communities and platforms.	Include empirical and theoretical work on online fitness platforms, live/recorded exercise classes, tele-coaching, virtual competitions, e-sports as sport, participant motivation and adherence to online sport programs, health and performance outcomes, and platform design for sport. Include comparative studies between online and offline sport. Exclude publications only about traditional offline sport unless they compare or integrate online components.
7159	orientierung beruf	Publications on vocational/career orientation, career choice, guidance and transitions between education and work.	Relevant publications report empirical studies, reviews, theoretical frameworks or policy analyses about occupational orientation, vocational guidance, career decision-making, transition from school to work, apprenticeships and career counseling. Include works in German or English addressing students, jobseekers, trainees or employees and those comparing guidance systems. Exclude publications focused on non-career meanings of 'orientation' (e.g., spatial orientation), purely macro-level labor market statistics without individual-level orientation or decision-making content, and unrelated domains such as political orientation.
11910	persönlichkeit	Publications on personality psychology, trait models, assessment, development and applications.	Relevant publications present empirical research, theory, reviews or methodological work on personality structure (e.g., Big Five), trait measurement, personality development across the lifespan, personality and behavior relationships, clinical and differential aspects, cross-cultural comparisons, and applied uses (work, health). Include German and English works that explicitly treat 'Persönlichkeit' as personality/traits. Exclude uses of 'personality' in metaphorical/non-psychological senses (e.g., 'a city's personality'), organizational brand 'personality' absent individual trait measurement, or unrelated constructs like political personality unless tied to personality measures.
1168	political participation	Publications investigating forms, determinants and consequences of political participation and civic engagement.	Relevant publications examine voting, protest, petitioning, contacting officials, civic volunteering, membership in political organizations, digital political activity, mobilization, inequalities in participation, and theoretical or empirical analyses of determinants and effects. Include cross-national, national and local studies, methodological papers on measuring participation, and reviews. Exclude studies of non-political participation (e.g., purely recreational group participation) unless explicitly linked to civic or political engagement.
439	political efficacy	Publications on political efficacy, including internal and external efficacy, measurement and effects on political behavior.	Relevant publications present empirical, theoretical or methodological work on citizens' beliefs about their political influence (internal efficacy) and the responsiveness of institutions/authorities (external efficacy), including effects on turnout, participation and trust. Include cross-national comparisons, scale development, and studies linking efficacy to socio-demographic factors. Exclude works that use 'efficacy' in non-political contexts (e.g., medical treatment efficacy) or general self-efficacy unless explicitly connected to political contexts.
8932	political survey	Publications on political survey research, methodology, results from political opinion surveys and election studies.	Relevant publications include methodological papers on survey design for political research, reports of national and cross-national political surveys, analyses of survey findings on political attitudes, voting behavior and public opinion, and critiques of measurement. Include documentation of major survey projects and peer-reviewed studies using political survey data. Exclude surveys on non-political topics without political modules and opinion pieces lacking empirical survey evidence.
10109	politik	Scholarly and popular publications addressing politics in general: comparative and national studies of political systems, government, public policy, political parties, political institutions, public opinion, political theory, political communication and political history. Includes books, journal articles, reports and edited volumes where politics is the main subject.	Relevant items are publications whose primary focus is political phenomena, such as studies of institutions (parliaments, parties), policy analyses, public opinion research, political theory, and political communication. Include works in German or other languages that analyze politics at national, regional or comparative levels. Exclude publications where the term 'politics' appears only metaphorically, marginally, or as a minor subsection of an unrelated topic (e.g., purely administrative reports, corporate governance documents not addressing public politics). Exclude clinical, biological or technical uses of the word that are unrelated to political science.
9547	politik politisches verhalten	Publications focused on political behavior: voting behavior, electoral choices, political participation (voting, protesting, civic engagement), political socialization, political mobilization, and behavioral responses to campaigns and media.	Include empirical and theoretical works analyzing how individuals or groups behave politically—determinants of turnout, party choice, protest participation, political engagement across contexts. Include event studies, longitudinal analyses, experimental work on behavior, and comparative studies of participation. Exclude publications that discuss political institutions or policy without examining behavioral responses, or studies that treat behavior only as background without data or behavioral measures.
10059	politische bildung	Research and policy publications on political education/civic education: curricula, classroom interventions, teacher training, program evaluations, theoretical work on civic competence, and comparative studies of civic education systems.	Include evaluations and studies of formal and non-formal political education aimed at developing civic knowledge, skills and dispositions (school curricula, extracurricular programs, teacher guides, policy analyses). Include empirical pre-post assessments and comparative education research (e.g., ICCS-related studies). Exclude general education literature that does not address civic or political learning outcomes, or publications focused solely on administrative aspects without educational content.
10402	politische rechts links	Publications examining left–right ideology and political positioning: conceptual discussions of the left–right dimension, empirical studies of self-placement, party position analyses, cleavage research and ideological shifts over time and across countries.	Include works that theorize, measure or analyze the left–right dimension, ideological self-placement, and its relation to party competition, policy preferences or voting behavior. Include cross-national comparisons and studies using manifesto or expert coding to position parties. Exclude publications that use 'left'/'right' metaphorically outside political ideology (e.g., technical or spatial descriptors) or focus on unrelated axes without reference to ideological positioning.
10407	politische kompetenz	Publications on political competence (political literacy, civic competence): theoretical work and empirical studies addressing political knowledge, skills for political participation, decision-making capacity, political efficacy and competencies required for democratic citizenship.	Include research that defines, measures or evaluates political competence/civic competence, including longitudinal and intervention studies, theoretical frameworks, and comparative analyses (e.g., ICCS-related work). Include works linking competence to behavior and democratic outcomes. Exclude publications that use 'competence' in non-political senses (professional competencies unrelated to civic capacities) or studies that only superficially mention competence without conceptual or empirical treatment.
10701	politische orientierung	Publications presenting empirical or theoretical research on individuals' political orientation (e.g., left–right self-placement, partisan identification, ideological location) including cross-national comparisons, longitudinal studies, and conceptual discussions.	Relevant publications report empirical findings or theoretical analyses about political orientation as an attribute of individuals or groups. Included are journal articles, books, reports, and reviews that define, measure, or model political orientation (left–right scales, party attachment, ideological identification), discuss its determinants (socio-demographics, socialization), or analyze consequences (voting, attitudes). Exclude works that use 'orientation' in non-political senses (e.g., policy orientation of institutions without reference to ideology), purely normative political philosophy that does not address orientation as an empirical or measured concept, and publications focusing solely on elite or party platforms without linking to individual orientation.
2386	politische einstellung	Publications on political attitudes (politische Einstellung) covering measurement, determinants, structure, and effects of attitudes toward politics, institutions, and policy issues.	Relevant publications empirically or theoretically examine political attitudes at individual or group levels, including attitude formation, stability, and influence on behavior (voting, participation). Include studies addressing general political attitudes (trust in institutions, support for democracy) and specific issue attitudes when tied to broader attitude constructs. Exclude purely philosophical treatments of political doctrines disconnected from empirical attitude research, and works addressing clinical 'attitude' constructs outside political contexts.
565	politische partizipation	Scholarly works on political participation, covering forms of participation (voting, protest, civic engagement, online participation), causes, consequences, and measurement across contexts.	Relevant publications analyze empirical or theoretical aspects of political participation by individuals, groups, or communities. Include studies on conventional participation (voting, party membership), nonconventional forms (protests, petitions), digital/online participation, and cross-national or longitudinal analyses. Exclude texts focusing solely on administrative processes (e.g., election mechanics) without linking to participation behavior, or normative prescriptions without empirical investigation.
6591	politische ideologien	Publications on political ideologies covering conceptual frameworks, empirical measurement, ideology content (left/right, libertarian/authoritarian), party-ideology linkages, and historical or comparative analyses.	Relevant works examine political ideologies as coherent belief systems, their dimensions, measurement (scales, content analysis of manifestos), or impacts on politics and behavior. Include comparative studies of dominant ideologies, typologies, and research linking ideology to policy preferences and party systems. Exclude purely philosophical treatises that do not engage with ideology as an empirical or social-scientific concept, and topical studies that mention 'ideology' only tangentially without analysis.
8373	politische werte	Publications investigating political values (core normative beliefs about politics such as democratic values, egalitarianism, authority, civil liberties), their measurement, origins, and consequences.	Relevant publications study political values as stable normative orientations shaping political behavior and policy preferences, including cross-cultural comparisons, value change over time, and links to institutions. Include empirical analyses using survey measures (e.g., human values, civic values) and theoretical treatments that operationalize values for research. Exclude philosophical value debates without empirical linkage, or studies of non-political personal values not connected to political attitudes or behavior.
8931	politische einstellung övp spö	Scholarly works and reports that analyse citizens' political attitudes, evaluations, and preferences specifically toward Austria's major parties ÖVP and SPÖ, including comparative studies of party support.	Relevant publications include empirical studies, articles, books, and reports that measure or analyse attitudes, party sympathy, favourability, trust, vote intention, or evaluations specifically referencing the Austrian People's Party (ÖVP) and the Social Democratic Party of Austria (SPÖ). Include national and regional analyses, election studies, comparative research where ÖVP or SPÖ are distinct cases, and works addressing changes over time or determinants of attitudes toward these parties. Exclude materials that only discuss abstract or generic 'political attitudes' without specific reference to ÖVP or SPÖ, studies focused on other parties unless ÖVP/SPÖ are one of the main targets, and purely theoretical treatments with no empirical connection to these parties.
1112	politisches interesse	Research on political interest: conceptual discussions, empirical analyses of levels, determinants, consequences, and trends in citizens' interest in politics.	Relevant publications are empirical and theoretical works that define, measure, or analyze 'political interest' (interest in politics, attention to political news, curiosity about public affairs). Include cross-national comparisons, longitudinal trend studies, psychological and sociological investigations, and research linking political interest to participation, knowledge, or media use. Exclude studies that only address unrelated types of interest (e.g., interest groups) or that mention 'interest' without relation to citizens' attention or engagement with politics.
2630	politisches engagement	Studies and reports on political engagement and civic participation, covering conventional and non-conventional forms of engagement, volunteering, activism, and mobilization.	Relevant publications empirically or theoretically address individual and collective political engagement: voting, party membership, campaigning, contacting officials, protest, demonstrations, online activism, civic volunteering, and community engagement with political aims. Include determinants, consequences, measurement issues, and subgroup analyses. Exclude works solely about non-political volunteering unrelated to civic or political aims, or organizational reports without empirical measurement of individuals' political engagement.
5784	politisches verhalten und politische einstellungen	Research that examines both political behaviour (e.g., voting, turnout, contact, protest) and political attitudes (ideology, issue positions, party evaluations) and, importantly, their interrelationship.	Include empirical studies, theoretical work, and meta-analyses that measure political behaviour and political attitudes and explore causal or correlational links between them (e.g., how attitudes predict vote choice, how behaviour shapes attitudes over time). Accept election studies, longitudinal panel research, experimental studies on attitude-behaviour change, and comparative analyses. Exclude works that address only behaviour or only attitudes without explicitly linking the two, or studies focused on organizational behaviour unrelated to citizen-level political attitudes.
5801	politisches interesse	Works studying the concept, measurement, causes, and effects of citizens' political interest and attention to political life.	Relevant publications are those that explicitly define or measure 'political interest' — including its antecedents (education, media use, social capital), consequences (participation, knowledge), and temporal or cross-national variation. Include qualitative and quantitative studies, literature reviews, and measurement-focused articles. Exclude publications that use the term 'interest' in other contexts (e.g., vested interests, interest groups) without reference to individual political attention or curiosity.
5836	politisches wissen	Publications that analyze political knowledge (politisches Wissen) including its measurement, determinants, consequences, and cross-national comparisons in political behavior and civic education literatures.	Include studies, review articles, and book chapters that define or measure political knowledge (factual/cognitive knowledge about institutions, parties, policy), explore predictors (education, media use) or outcomes (political participation, vote choice), or validate political knowledge batteries; include national and comparative empirical analyses. Exclude works that only mention 'knowledge' in a non-political context (e.g., technical knowledge unrelated to politics), pedagogical materials without empirical evaluation, or purely philosophical discussions of knowledge that do not address political knowledge measurement or effects.
5843	populism	Scholarly works on populism as a political ideology, movement, or strategy including theoretical treatments, case studies, comparative analyses, and measurement debates.	Include theoretical articles defining populism (e.g., people-centrism, anti-elitism), empirical studies of populist parties/movements, comparative research on causes and consequences of populism, and methodological papers on measuring populism. Exclude publications that use 'populism' only as a vague rhetorical label without analytical treatment, media opinion pieces lacking scholarly analysis, or studies of unrelated political phenomena that do not engage with populism concepts or measures.
8657	populist attitudes	Empirical and theoretical publications focused specifically on populist attitudes at the individual level: development, measurement, correlates, and political consequences.	Include articles validating populist attitudes scales, studies linking populist attitudes to voting behavior or policy preferences, cross-national comparisons of populist attitudes, and longitudinal analyses of attitude change. Exclude works treating populism only as a party attribute, papers that discuss elite or organizational populism without measuring individual attitudes, or opinion pieces without empirical measurement.
7892	psychisch gesundheit	Publications on mental health (psychische Gesundheit) covering prevalence, determinants, outcomes, treatment, and public health interventions in clinical and population contexts.	Include epidemiological studies, clinical research, health services research, and policy evaluations that address mental health status, risk factors, comorbidity, wellbeing, and intervention effectiveness; include German- and international-focused studies when relevant. Exclude publications that only mention mental health tangentially (e.g., as a minor control variable) or solely focus on physical health without linking to mental health outcomes.
6492	psychische krankheiten	Scholarly and clinical publications on mental disorders (psychische Krankheiten): epidemiology, diagnosis, treatment, burden of disease, and health services research.	Include peer-reviewed epidemiological studies on prevalence and incidence of psychiatric disorders, clinical trials, diagnostic research, health policy analyses addressing mental disorder treatment and access, and reviews on specific disorders (depression, anxiety, psychosis, bipolar disorder). Exclude publications that use the term metaphorically or refer to non-clinical distress without diagnostic framing, and exclude non-scientific commentary lacking empirical data.
7893	psychological needs	Scholarly publications addressing human psychological needs, their theories (e.g., self-determination theory), empirical studies of need satisfaction/frustration, and interventions targeting psychological needs.	Relevant publications will focus on definitions, measurement, development, or effects of psychological needs (e.g., autonomy, competence, relatedness); theoretical frameworks (SDT, need theory), clinical or educational interventions to enhance needs, and population studies reporting need-related outcomes. Exclude papers that only mention 'needs' tangentially (e.g., basic needs in economics without psychological framing), non-psychological basic needs (food, shelter) unless linked to psychological need constructs, and purely physiological or neurological studies that do not relate findings to psychological need concepts.
34484	quality of health care	Publications on assessment, measurement, improvement, and determinants of health care quality including safety, effectiveness, patient-centeredness, timeliness, efficiency and equity.	Include systematic reviews, empirical studies, policy analyses, and theoretical papers that define, measure, compare, or attempt to improve health care quality (clinical outcomes, process indicators, patient experience, safety incidents, access and equity). Exclude works that focus exclusively on basic biomedical research unrelated to delivery of care, papers only about health care financing without quality outcomes, or informal commentary lacking empirical or methodological substance.
6086	refugee	Scholarly and policy publications concerning refugees and forced migrants: protection, health, integration, legal status, experiences of displacement, and related social, economic, and mental health outcomes.	Relevant publications address refugees, asylum seekers, and forced displacement (vs. voluntary migrants), covering legal/policy analysis, epidemiology, healthcare access, psychosocial outcomes, resettlement/integration, education, and livelihoods. Exclude studies focused solely on general migration without distinguishing forced migration, internal migration without cross-border displacement unless framed as forced displacement, and non-empirical anecdotes without systematic analysis.
1156	religion	Academic and policy works on religion: beliefs, practices, institutions, religiosity, secularization, interfaith relations, and the social, political and psychological roles of religion.	Include sociology, anthropology, psychology, history, and political science studies that analyze religious affiliation, practice (attendance, rituals), belief systems, church/state relations, religion's effects on behavior or well‑being, and comparative studies across faiths. Exclude purely theological exegesis not addressing empirical or social dimensions, corporate or organizational uses of 'religion' as metaphor without substantive religious content, or works that only incidentally mention religion.
35282	religion und weltanschauung	Publications addressing religion and weltanschauung (worldview/life stance): comparative studies of religious and non-religious worldviews, secular philosophies, life stances, ethics, and public expressions of worldview.	Include studies that examine both religion and weltanschauung/life stance (Weltanschauung), comparative analyses of religious beliefs and secular worldviews, legal and institutional treatment of worldviews, and measures of worldview identity and values. Exclude works only about religion without reference to worldview concepts when the query intends both, purely theological texts not engaging with 'weltanschauung', and philosophical treatises unrelated to social or empirical aspects of worldviews.
35290	religion und werte	Publications (articles, books, reports) addressing religion, religiosity, beliefs, and values, especially in German-speaking contexts or comparative studies including Germany.	Relevant publications are scholarly works that study religious affiliation, practices, beliefs, church attendance, personal and social values (e.g. moral values, value orientations like Schwartz values), religion's role in social or political attitudes, secularization, and religion–value relations. Include empirical studies, theoretical treatments, reviews, and comparative research that explicitly focus on religion and value systems, or include quantitative or qualitative analyses of values tied to religious variables. Prefer works in German or studies that analyze German-speaking samples. Non-relevant items are publications that only mention religion or values tangentially (e.g., passing reference without empirical/theoretical focus), purely theological texts unrelated to social-scientific study, popular press pieces, or materials focused exclusively on unrelated topics (e.g., ritual studies with no value or attitudinal component).
31054	schule	Scholarly publications about schools, schooling, educational processes and outcomes at primary and secondary levels, with emphasis on German educational contexts.	Relevant publications examine school systems, teaching and learning, classroom practices, school organization, school effectiveness, student outcomes (achievement, attainment), school transition, tracking, inclusive education, and policy studies focused on primary and secondary schools. Include empirical studies, program evaluations, comparative education research, and reports on German schools or German-speaking regions. Exclude items focused exclusively on higher education/university, early childhood (unless explicitly linked to school entry), vocational training outside the school context, or non-educational uses of the word 'school' (e.g. schools of thought) without relation to formal schooling.
33106	self esteem deutsch	Publications about self-esteem that are written in German or focus on German-speaking samples, addressing theory, measurement, development, correlates, and outcomes of self-esteem.	Relevant publications are empirical studies, reviews, and theoretical pieces examining global and domain-specific self-esteem, its antecedents and consequences, and validation of German translations of self-esteem scales. Include work on adolescent and adult self-esteem in German samples, cross-cultural comparisons involving German versions, and psychometric analyses of German instruments. Exclude publications that only mention self-esteem peripherally, non-scientific articles, or studies focusing on unrelated constructs without reference to self-esteem.
3332	self determination	Scholarly works on self-determination, autonomy, and Self-Determination Theory (SDT), including theoretical, empirical, and applied research across contexts.	Relevant publications discuss self-determination as a psychological construct (autonomy, competence, relatedness), Self-Determination Theory research, motivation, volition, self-regulation, and autonomy-supportive contexts in education, work, health, or social domains. Include validation studies of SDT constructs, interventions to enhance autonomy, and cross-cultural examinations. Exclude papers using 'self-determination' in unrelated legal/medical contexts (e.g. advance directives) unless they address psychological autonomy or motivation explicitly.
1259	sexuelle orientierung	Academic publications on sexual orientation, including identity, attraction, behavior, social attitudes, discrimination, and health, especially in German-language research or German-speaking samples.	Relevant publications investigate sexual orientation (heterosexual, homosexual, bisexual, asexual, and other orientations), identity development, attraction and behavioral measures, minority stress, discrimination, legal and social status, and health disparities. Include empirical studies, policy reports, and theoretical work focused on German-speaking populations or comparative research including Germany/Austria/Switzerland. Exclude materials that conflate sexual orientation solely with gender identity without clear focus on orientation, or publications that only mention orientation peripherally without substantive analysis.
4953	sinn der arbeit	Publications (articles, books, reports) that study the concept of 'meaning of work' (Sinn der Arbeit) including theoretical frameworks, empirical studies, cross-cultural comparisons, and policy implications.	Relevant publications are empirical and theoretical works explicitly addressing the meaning, purpose, sense, or meaningfulness of work or employment (including vocational calling, work values, and existential/work identity). Include studies in German or English that develop or apply measures of work meaningfulness, qualitative interview studies about workers' experiences, longitudinal or comparative research on changes in meaning of work, and policy or organizational analyses that discuss implications for wellbeing or HR practice. Exclude works that only mention 'work' in passing without addressing meaning (e.g., purely economic productivity studies), publications focused solely on job satisfaction or pay where meaningfulness is not a focus, and materials about volunteer work if they do not relate to perceived meaning of occupational activities.
1537	social media	Publications on social media as a phenomenon, platform studies, user behavior, effects of social media, policy, and methodological approaches to studying social media.	Relevant publications explicitly focus on social media platforms, usage patterns, effects on communication/health/politics/economy, platform governance, content moderation, algorithmic impacts, social network analysis of social media, or methods for collecting/analyzing social media data. Include empirical studies, theoretical treatments, reviews, and comparative platform analyses. Exclude works that use 'social media' as a cursory example without substantive analysis, or publications solely about traditional media with no link to social media platforms.
37900	social media survey	Publications reporting on surveys about social media use, attitudes toward social media, effects of social media, or methodology of surveying social media users.	Include empirical reports, articles, and technical notes that present survey results specifically about social media (frequency, motives, platform comparison), methodological discussions on surveying social media users (sampling, representativeness), and evaluations of survey modes for capturing social media behavior. Exclude general surveys that incidentally include a single unrelated question about social media without analysis, and qualitative studies without a survey component unless they present mixed-method survey findings.
37915	social media nutzung	Publications in German or English studying social media use (Nutzung), including patterns, motives, demographics, effects, and cross-cultural comparisons of platform usage.	Relevant publications explicitly investigate 'social media use' (Nutzung), such as empirical analyses of usage frequency, platform preferences, usage contexts, age/gender differences in use, motivations for use, and consequences of use. Include national studies, panel analyses, and qualitative work focused on how people use social media. Exclude studies that discuss social media platforms theoretically without empirical focus on usage behavior, or those solely about technical platform features without linking to user behavior.
5535	social presence	Publications addressing the concept of social presence in communication, online learning, virtual teams, and computer-mediated environments, including theoretical development and empirical measurement.	Include theoretical and empirical studies that define, operationalize, or measure social presence (the sense of being with others) in online contexts such as e-learning, virtual collaboration, social media, and telecommunication. Include scale development/validation, experimental studies manipulating social presence, and meta-analyses. Exclude uses of the term 'presence' that refer only to physical presence, presence in public spaces without mediated interaction, or unrelated psychological constructs unless explicitly tied to social presence.
38133	sozial	Publications (articles, books, reports, conference papers) addressing social phenomena, social policy, social welfare, social services, social behavior, or uses of the adjective 'sozial' in social-science contexts.	Include works whose primary focus is on social issues, social policy, social welfare, social behavior, social institutions or social theory; include empirical studies, theoretical analyses, reviews, and policy reports where 'sozial' denotes social aspects. Exclude records where 'sozial' appears only in organizational names, commercial product names, or as an incidental word without connection to social science topics; exclude purely medical uses unrelated to social dimensions unless they explicitly address social determinants or social aspects of health.
5132	sozial kompetenz	Publications on social competence (sozialkompetenz) including theory, measurement, development, interventions, education, and outcomes in children, adolescents, adults, and occupational contexts.	Include empirical studies, theoretical papers, reviews, and program evaluations that define, measure, or intervene on social competence (e.g., prosocial behavior, social skills, interpersonal competence, emotional regulation as part of social functioning) across settings (school, workplace, clinical). Include psychometric studies of social competence scales and cross-cultural comparisons. Exclude works that use the phrase only tangentially (e.g., listing 'social competence' among many unrelated factors without substantive focus), and exclude publications focused solely on unrelated competencies (technical, cognitive) unless linked to social competence.
1101	soziale ungleichheit	Scholarly and policy publications on social inequality (soziale Ungleichheit): causes, patterns, measurement, consequences across income, education, health, gender, race/ethnicity, region, and life course.	Include empirical analyses, theoretical treatments, comparative studies, and policy evaluations that focus on social inequality, social stratification, distributive outcomes, mobility, poverty, or disparities in well-being. Include cross-national, longitudinal, and cohort studies and works that operationalize inequality (Gini, percentiles, gradients). Exclude publications where inequality is mentioned only peripherally, or studies of purely technical inequality measures in non-social domains (e.g., algorithmic inequality) unless explicitly linked to social inequality.
1706	soziale schicht	Publications addressing social class (soziale Schicht), class stratification, class identity, class mobility, and class-related measurement and theory in sociology and related fields.	Include empirical and theoretical works that define, measure, or analyze social class/stratum, class effects on life chances, class consciousness, and class-based inequalities; include comparative and historical studies and research using class schemas (e.g., EGP, Goldthorpe). Exclude uses of 'Schicht' in geological or technical contexts or studies that use occupational labels without interpreting them as class or stratification variables.
2521	soziale netzwerke	Publications on social networks (soziale Netzwerke), including theory, empirical network studies, social network analysis (SNA), online/offline networks, social capital, and diffusion processes.	Include theoretical and empirical studies that investigate social ties, network structures, social capital, diffusion, influence, and methodological work on SNA; include applications across sociology, communication, public health, organizations, and political science. Exclude studies using 'network' in purely technical or computer-networking contexts unless they explicitly study social relations or human-centered networks.
2589	soziale kontakte	Publications that study interpersonal social contacts, networks and contact frequency/quality across populations (e.g., social network studies, loneliness/contact deprivation, contact patterns during COVID-19, time-use/contact-diary research).	Include empirical articles, reviews, books and reports that explicitly address social contacts, ties or contact patterns (keywords: social contacts, contact frequency, social ties, social network, contact diary, social isolation, social support). Relevant populations: children, adolescents, adults, elderly, and specific groups (immigrants, patients). Include cross-sectional and longitudinal research, comparative and country-specific studies. Exclude items that use the word 'contact' only in unrelated senses (e.g., business contacts with no interpersonal/social content) or purely theoretical works that do not address measurable social contact constructs.
3856	soziale interaktion	Publications on social interaction processes and behaviours at micro- and meso-levels (e.g., conversational analysis, face-to-face interaction, group interaction, interaction patterns in organizations, observational and experimental studies).	Include empirical and theoretical works that explicitly examine social interaction, interactional dynamics, communication behaviors, and situational/interpersonal processes (keywords: social interaction, interactional patterns, conversation analysis, nonverbal behavior, microinteraction). Include laboratory experiments, field observations, ethnographies, and interaction coding studies. Exclude broad papers that mention social interaction only tangentially or use the term metaphorically without studying interactional processes.
39837	soziale validität beruf	Publications addressing the social validity of vocational programs, workplace interventions and employment-related measures — i.e., acceptability, relevance and social importance of interventions in occupational contexts.	Include empirical evaluations, program reports and theoretical discussions that assess social validity in employment/vocational settings (keywords: social validity, acceptability, vocational training, workplace intervention, job coaching, employment programs). Include stakeholder perspectives (participants, employers), feasibility/acceptability studies, and outcome evaluations that report social validity indicators. Exclude generic validity literature (psychometric validity) unless explicitly about social validity in vocational contexts.
40249	soziale herkunft	Publications on social origin/background and its effects — parental socioeconomic status, education, occupation, cultural capital and intergenerational mobility across education, income and occupations.	Include empirical studies, reviews and theoretical works that explicitly address social origin, social background, or parental SES as determinants of life-course outcomes (keywords: social origin, parental background, intergenerational mobility, social class, family background). Cover education, labor-market outcomes, health and inequality research linking parental circumstances to offspring outcomes. Exclude works focusing only on individual adult SES without reference to family origin.
4034	soziale ungleichheit	Publications on social inequality and stratification across domains (income, wealth, education, health, gender, ethnicity), including causes, consequences, trends and policy responses.	Include empirical analyses, theoretical treatments and policy studies that address patterns and drivers of social inequality (keywords: social inequality, inequality, social stratification, income inequality, health disparities, educational inequality). Cover cross-country comparisons, longitudinal trend studies, and evaluations of redistributive policies. Exclude narrowly technical econometric papers that mention inequality only as a secondary topic without substantive analysis.
40514	soziale kompetenz	Publications (articles, reports, books, theses) that study or review 'social competence' (soziale Kompetenz) as an individual-level construct: definitions, development, determinants, correlates, interventions and outcomes across age groups and contexts (children, adolescents, adults, workplace, schools, clinical settings). Includes empirical studies, systematic reviews and theoretical papers in German or English that explicitly operationalize or measure social competence or closely related constructs (social skills, interpersonal competence, prosocial behavior, emotional competence).	Relevant: empirical or theoretical works whose main focus is individual social competence or directly comparable constructs (e.g., interpersonal skills, social-emotional competence), including intervention evaluations and developmental studies. Include works in educational, clinical, organizational or community contexts. Not relevant: publications that use 'competence' only in organizational/occupational senses (e.g., institutional competence), broad constructs like social capital or social inclusion unless they explicitly measure individual social competence, or purely technological descriptions without human social-skill content.
40674	soziale arbeit	Publications on social work (soziale Arbeit): theory, history, professional practice, methods, ethics, policy, education and training, empirical evaluations of social work interventions, case studies and program reports in community, clinical, school, child welfare, mental health, geriatric and other social service settings.	Relevant: books, journal articles, reports and theses whose primary focus is social work practice, education, policy or research (including program evaluations and professional guidelines). Include both German- and English-language works that address social work at micro, mezzo and macro levels. Not relevant: documents that use the phrase 'social work' incidentally (e.g., volunteer community activities) without professional/practice focus, or publications about adjacent disciplines (e.g., social policy, sociology) unless they centrally address social work roles, interventions or workforce issues.
41348	soziale medien nutzung	Publications addressing social media use (soziale Medien Nutzung): empirical and theoretical studies on patterns, motives, frequency, intensity, platform-specific behaviors, impacts on mental health, political communication, identity, privacy, digital literacy and media effects across populations.	Relevant: studies and reviews that explicitly investigate how people use social media (usage patterns, motives, time spent, active vs passive use, platform choice), including experimental, survey, qualitative and mixed-methods research. Include policy reports and media-usage trend analyses. Not relevant: publications about social media platforms' technical architecture without user-behavior focus, or broad 'social media' mentions that do not examine user use or user-related outcomes.
41495	soziale medien	Publications on social media (soziale Medien) broadly: studies of platforms, content, users, societal effects (misinformation, political mobilization, public health communication), business models, regulation, governance, platform design, digital culture and cross-cutting theoretical work on social media phenomena.	Relevant: empirical and theoretical works that focus on social media platforms, their societal roles, user practices, content dynamics, governance and policy implications, including interdisciplinary perspectives (communication, sociology, political science, media studies). Not relevant: papers that only mention social media in passing or focus solely on unrelated technologies without engagement with social media's societal/user aspects.
41546	soziale netzwerke	Publications on social networks (soziale Netzwerke): theoretical and empirical work on interpersonal and organizational networks, network structure and dynamics, social network analysis (SNA) methods, friendship/communication networks, diffusion processes, homophily, centrality and applications in sociology, epidemiology, organizational studies and online networks.	Relevant: works focusing on social network theory, methodology and empirical analyses of ties among actors (individuals, groups, organizations), including studies of network formation, diffusion, influence and structural properties. Include both offline and online network studies. Not relevant: papers that use the phrase 'network' metaphorically without analysis of relational ties or graph-structured data, or purely technical network-engineering topics unrelated to social relations.
41646	soziale mobilität	Publications (articles, books, reports) on social mobility and status change across generations or life-course, including educational, occupational and income mobility; comparative and national studies, mobility theory and measurement.	Include empirical and theoretical works that investigate change in social status between origin and destination (intergenerational mobility) or within individual life-courses (intra‑generational mobility). Relevant studies address determinants and consequences of upward/downward mobility, mobility tables and indices, cohort comparisons, and policy-related analyses. Exclude literature focusing on spatial/geographic mobility (migration, commuting) or unrelated uses of the term 'mobility' (e.g. physical mobility in health) unless social/occupational status change is central.
5263	soziale herkunft	Publications addressing social origin, family background and their effects on educational attainment, labour market outcomes, cultural capital, health and inequality.	Include empirical studies and theoretical treatments on how parental socioeconomic status, education, occupation, and family resources shape life chances (education, employment, health). Works on intergenerational transmission, social reproduction, childhood context and policy interventions are relevant. Exclude publications that use 'origin' only in a geographic or non‑socioeconomic sense without considering family background or childhood socioeconomic indicators.
40086	sozio politische einstellungen	Publications on socio‑political attitudes and values, including political ideology, policy preferences, political trust, party identification, civic attitudes and public opinion research.	Include research examining the nature, distribution, determinants and consequences of socio‑political attitudes (e.g. left–right orientation, policy issue positions, authoritarian attitudes, trust in institutions). Comparative and national public opinion studies, longitudinal attitude change, and work linking social characteristics to political attitudes are relevant. Exclude studies that address social behaviours without linking to political attitudes or those focused solely on non‑political social attitudes.
2741	sport	Publications on sport and physical activity, including sports sociology, sport participation, public health studies on physical activity, organized sport, youth sport and sports policy.	Include research that examines participation rates, determinants of sport involvement, effects of sport on health and social outcomes, sport club membership, elite sport and policy/intervention studies promoting physical activity. Both population‑level and specialized studies (e.g. youth sports, gender differences) are relevant. Exclude literature solely about sports history or biographical material unless it bears on social or health research questions.
37003	stress lehrer	Publications on teacher stress, burnout, workload, occupational health of teachers, classroom-related stressors and interventions to reduce stress in educational settings.	Include empirical studies, reviews and intervention evaluations that focus on stress, psychological strain, burnout and well‑being among teachers at all levels (primary, secondary, vocational). Relevant topics include causes (workload, class size, student behaviour), consequences (absenteeism, turnover), and prevention/therapy. Exclude studies on student stress or general occupational stress not specifically addressing teachers.
37018	stress pflege	Publications on psychological, physical and work-related stress among nursing staff in hospitals, long‑term care, and community nursing, including prevalence studies, risk factor analyses, and intervention evaluations.	Include: empirical articles, systematic reviews, meta-analyses, theses and practice guidelines that focus on stress experienced by nurses or nursing aides (acute care, long‑term care, home care), studies of work environment determinants (staffing, shift work, patient acuity), and evaluations of stress‑reduction interventions for nursing staff. Include mixed‑methods and qualitative studies describing lived experience of stress in nursing. Include German and English publications. Exclude: studies of general population stress without nursing focus, stress in non‑human subjects, publications that only mention nursing as a secondary, incidental subgroup without separate results for nurses.
37020	stress und arbeitnehmer	Publications addressing work‑related stress among employees across sectors, covering determinants, prevalence, health and productivity outcomes, and workplace interventions.	Include: empirical studies, reviews, policy papers and reports on occupational stress among employees (private and public sectors), studies using job stress models (demand‑control, ERI), research on consequences (mental/physical health, absenteeism, presenteeism, turnover), and evaluations of workplace interventions. Include German and English sources and sector‑specific studies if they report results for employees. Exclude: studies on students, retirees, or non‑working populations without employee data; animal or purely biological stress studies without an occupational context.
37039	stress und coping	Publications on the relationship between stress and coping processes, including types of coping, efficacy, coping interventions, and how coping moderates or mediates stress–outcome relations.	Include: empirical studies, longitudinal research, experimental work, systematic reviews and meta‑analyses investigating coping strategies (problem‑focused, emotion‑focused, avoidance), coping effectiveness, coping as mediator/moderator between stress and health, and interventions to improve coping skills. Include studies across populations (workers, patients, students) if they report explicit stress–coping relationships. Exclude: papers that discuss coping only tangentially, or studies of physiological stress responses without psychological coping measures.
37044	stress und burnout	Research on the association between stress and burnout, including etiological studies, prevalence, longitudinal trajectories, risk and protective factors, and intervention effectiveness for preventing or reducing burnout.	Include: empirical studies and reviews that examine how workplace or life stressors contribute to burnout, longitudinal studies tracking stress and development of burnout, interventions aimed at reducing stress to prevent burnout, and studies identifying mediators/moderators (coping, resources). Include occupation‑specific research (healthcare, teaching, social work) where stress–burnout links are analyzed. Exclude: studies mentioning burnout without measuring stress, clinical case reports unrelated to occupational or chronic stress exposure, and research on transient fatigue not conceptualized as burnout.
37048	stress und bgm	Publications on workplace health management (BGM) interventions, programs and policies that address stress prevention, reduction and promotion of mental health in organizations.	Include: evaluations of BGM programs, implementation studies, guidelines and best‑practice reports focusing explicitly on stress reduction or mental health promotion in the workplace, cost‑effectiveness analyses, and studies of organizational strategies (work design, leadership, participation) within BGM. Include German and English literature relevant to occupational health management. Exclude: generic public health BGM discussions without stress or mental health components, and clinical treatment studies outside workplace program context.
37090	stress arbeitsplatz	Scholarly publications (articles, reports, books, theses) in the social sciences on stress at the workplace, including causes, consequences, interventions, and policy implications; emphasis on German-speaking contexts is acceptable but not required.	Relevant publications are empirical studies, theoretical articles, reviews, and policy reports that focus on psychosocial stressors, job strain, work-related stress, burnout, occupational health, and organizational interventions in workplace settings. Included are studies addressing measurement, prevalence, risk factors (e.g., demands, control, effort-reward imbalance, social support), outcomes (mental health, sickness absence, performance), and evaluations of workplace stress reduction programs. Prefer publications in social science disciplines (occupational psychology, sociology, public health, ergonomics). Exclude papers that use the term 'stress' in non-psychosocial senses (e.g., mechanical stress, chemical stress) unless linked to workers' psychosocial health. Include German-language studies ('Arbeitsplatz') and international work if directly about workplace stress.
37104	stress am arbeitsplatz	Publications on stress at the workplace (explicit phrasing 'stress am Arbeitsplatz'), emphasizing studies of causes, measurement, outcomes, and interventions within occupational and organizational settings.	Include empirical articles, literature reviews, practice-oriented reports, and policy briefs analyzing work-related stress, psychosocial hazards at work, mental health outcomes from workplace strain, and evaluations of workplace interventions. Studies in German or explicitly using the phrase 'am Arbeitsplatz' are especially relevant, but international comparable studies are also included. Exclude materials where 'stress' is used in unrelated domains (e.g., material stress) or where workplace context is absent.
4160	stress	Broad social-science publications about stress, including psychological, social, occupational, and public-health perspectives on perceived stress, coping, and outcomes.	Include empirical research, reviews, theoretical work, and policy analyses on human stress (psychological stress, chronic stress, acute stress responses), coping mechanisms, social determinants of stress, mental health consequences, and interventions. Accept studies from psychology, sociology, public health, epidemiology, and occupational health that conceptualize and measure stress. Exclude material using 'stress' in purely physical sciences contexts (e.g., mechanical stress in materials) unless explicitly linked to human or social consequences.
36787	sustainability	Publications in social sciences addressing sustainability concepts, sustainable development, environmental attitudes and behaviors, corporate/social policy sustainability, and measurement of sustainability-related outcomes.	Include empirical studies, theoretical analyses, reviews, and policy papers on sustainability as it pertains to environmental, social, and economic dimensions; sustainable consumption; attitudes and behaviors toward sustainability; organizational sustainability practices; and the social implications of sustainability transitions. Studies on measurement and indicators of sustainability (including SDG-related research) are relevant. Exclude purely technical engineering studies of sustainable technologies that lack social science analysis unless they address social adoption, policy, or behavioral aspects.
729	trust	Social-science publications on trust — interpersonal, generalized, institutional, political/trust in organizations — including causes, consequences, and measurement.	Include empirical research, theoretical treatments, reviews, and policy analyses examining the formation and effects of trust at individual, group, organizational, and societal levels. Topics include generalized social trust, political/institutional trust, trust in institutions and markets, trust dynamics in organizations, and the role of trust in cooperation and social capital. Include cross-national comparisons and survey-based studies (e.g., WVS, ESS, ISSP). Exclude non-social uses of 'trust' (e.g., cryptographic trust models) unless they have social-science relevance.
24652	umweltbewusstsein in deutschland	Publications (articles, reports, books) that analyze environmental awareness, attitudes, knowledge, and self‑reported pro‑environmental behavior among the German population or German subpopulations.	Include empirical and theoretical works whose primary focus is public environmental awareness in Germany (national surveys, regional studies, longitudinal analyses, comparative studies that report German results separately). Relevant topics: environmental attitudes, perceived environmental problems, environmental knowledge, risk perceptions, value orientations linked to environmentalism, and determinants of pro‑environmental behavior in German samples. Exclude purely natural‑science studies of environmental conditions (e.g. pollution measurements) unless they explicitly study public awareness; exclude publications limited to technical mitigation methods, biodiversity/ecology research without social or attitudinal components, and works that treat Germany only incidentally without extractable German findings.
24946	umweltschutz	Publications examining environmental protection as policy, practice, public support, governance, or collective action, including studies in Germany and comparative analyses that address environmental protection measures.	Include works that focus on environmental protection policies and instruments (regulation, protected areas, conservation programs), public attitudes and support for protection measures, activism and NGO roles in environmental protection, policy evaluation, and social/scientific analyses of protective interventions. Relevant geographic scope includes Germany specifically and comparative studies with extractable findings on environmental protection. Exclude purely technical engineering studies of remediation techniques unless they include social/policy evaluation; exclude basic ecological research that does not address protection policy or societal dimensions.
23986	ungleichheit	Scholarly and policy publications analyzing social and economic inequality (income, wealth, education, health, opportunity) including causes, consequences, trends and redistribution, with relevance to Germany or broader comparative contexts.	Include empirical studies, reviews, and policy analyses that examine distributional outcomes (income/wealth inequality, poverty, social stratification, health and educational disparities), measurement and decomposition of inequality, and policy responses. Both Germany‑specific and comparative works are relevant if they present disaggregated or generalizable findings about inequality. Exclude publications that address inequality only metaphorically (e.g. literary uses) or that focus exclusively on non‑distributional phenomena (e.g. measurement error papers without application to inequality).
23829	unkonventionelle politische partizipation	Research publications on non‑conventional political participation: protests, demonstrations, civil disobedience, petitions, boycotts, online activism and other forms of political engagement outside voting and party membership.	Include empirical studies, theoretical treatments and comparative analyses that focus specifically on unconventional political participation (frequency, causes, effects, demographic correlates, mobilization processes), especially those including German cases or cross‑national comparisons with extractable results. Exclude works that focus solely on conventional participation (voting, party membership) unless they explicitly analyze or contrast unconventional forms; exclude purely historical accounts without analysis of participation patterns unless they inform contemporary forms.
3311	verantwortung für umweltprobleme	Publications investigating attributions of responsibility for environmental problems (who is responsible: individuals, governments, industry, international actors), including normative and empirical analyses of responsibility beliefs, moral obligations and policy preferences.	Include empirical surveys, experimental studies, normative discussions and policy analyses that examine how responsibility for environmental problems is perceived and how these attributions relate to support for policies, behaviour change, or blame attribution. Relevant contexts include Germany and comparative studies with extractable national results. Exclude technical environmental science papers that do not address social perceptions of responsibility, and philosophical treatises that do not engage empirical measurement when empirical scope is required.
1719	vertrauen	Publications addressing the concept of trust (vertrauen) in social sciences: theoretical treatments, empirical studies, literature reviews and meta-analyses that explicitly analyze trust as an outcome, predictor, or construct.	Include peer‑reviewed articles, book chapters, conference papers and research reports in sociology, political science, psychology, economics and communication that explicitly focus on trust (vertrauen). Relevant works discuss interpersonal trust, generalized social trust, institutional trust, scales and measurement of trust, antecedents and consequences of trust, cross‑national comparisons, longitudinal analyses and theoretical frameworks. Exclude works that use the word 'trust' only in passing, legal/financial uses of the term 'trust' (e.g., trust funds, legal trust instruments) without social‑scientific treatment, personal names or organizational names containing 'Trust', and publications where 'vertrauen' is not a primary subject (e.g., studies that list 'trust' as one of many unrelated keywords without analysis).
25598	vertrauen in technologie	Publications on trust in technology (vertrauen in technologie): empirical and theoretical work examining users' trust in technologies, automation, AI, internet services and technical systems.	Include peer‑reviewed studies, book chapters and reports that explicitly investigate trust in technical systems — e.g., automation, algorithms, artificial intelligence, social media platforms, online services, medical devices, and robots. Relevant topics are antecedents and consequences of trust in technology, measurement of trust in automation, trust calibration, human–machine interaction, and cross‑cultural comparisons of technological trust. Exclude publications that discuss technology acceptance or adoption without reference to trust or trust constructs, legal/contractual trust instruments, or studies where technology is only background context and trust is not analyzed.
25616	vertrauen in politik	Publications about political trust (vertrauen in politik): studies on trust in political institutions, political actors, democratic legitimacy and citizen confidence in governance.	Include scholarly articles, books and reports that explicitly analyze trust in politics — trust in government, parliament, political parties, politicians, courts, and public administration. Relevant themes: determinants of political trust, consequences for participation and compliance, cross‑national and longitudinal analyses, crisis effects on political trust, and measurement issues in political trust research. Exclude works focused on trust in non‑political institutions (unless compared to political institutions) and studies mentioning 'political' only peripherally without measuring political trust.
185	work life balance	Publications on work–life balance: empirical and theoretical literature examining the balance between paid work and non‑work life, its determinants, outcomes and interventions.	Include peer‑reviewed articles, books, reports and policy papers that explicitly address work–life balance, work‑family conflict/facilitation, flexible work arrangements, well‑being, occupational health, organizational practices, gender differences in work–life balance, and evaluations of interventions (e.g., parental leave, telework). Accept cross‑sectional, longitudinal and experimental studies as well as systematic reviews and meta‑analyses. Exclude papers that use the phrase only tangentially, studies exclusively about economic productivity without reference to work–life balance, and purely technical descriptions of workplace systems with no human outcomes.
30368	work	Publications related to 'work' broadly: scholarly literature on work, employment, occupations, labour markets, job quality, and workplace processes within social sciences.	Include academic articles, books and reports that explicitly study aspects of work and employment: job characteristics, labour market participation, occupational stratification, employment relationships, workplace wellbeing, skills and training, informal work and unpaid work. Also include interdisciplinary treatments (sociology, economics, psychology, industrial relations). Exclude uses of 'work' in non‑employment contexts without relevance (e.g., 'artwork', scientific 'work' as a synonym for 'study' with no employment focus) and documents where 'work' appears only incidentally.
557	work family conflict	Scholarly publications (articles, book chapters, dissertations, reviews) that study work–family conflict (WFC) or family–work conflict (FWC), including theoretical models, antecedents, consequences, and interventions.	Relevant publications: empirical and theoretical studies explicitly addressing work–family conflict or family–work conflict; cross-sectional, longitudinal, and intervention studies examining predictors (e.g., job demands, working hours, childcare arrangements), outcomes (e.g., job satisfaction, mental health, turnover intentions), measurement and scale validation; meta-analyses and systematic reviews on WFC/FWC; cross-cultural comparisons. Exclude: works that only mention work or family topics without explicit measurement or discussion of conflict between domains; organizational-level reports without individual-level WFC measures; purely economic or macro policy papers that do not address individual work–family conflict.
6171	work life conflict	Publications examining conflict between work and non-work life (work–life conflict), including definitions, empirical evidence on causes/consequences, and interventions to improve work–life balance.	Relevant publications: empirical studies, theoretical papers, reviews and policy analyses focused on work–life conflict (synonymous with work–family conflict when non-work includes family and other life domains); studies of antecedents (e.g., boundary management, technology use), outcomes (wellbeing, productivity), and interventions (flexible work arrangements). Exclude: studies that use the term 'work–life' only in passing without measuring conflict; literature focused solely on leisure or non-conflict aspects of work–life enrichment unless conflict is directly addressed.
29207	zufriedenheit ausbildung	Publications studying satisfaction with education and vocational training (trainee/apprenticeship satisfaction), including determinants, outcomes (completion, performance), and training quality assessments.	Relevant publications: empirical studies, program evaluations and reviews on satisfaction with vocational education, apprenticeships, and formal training programs; papers on predictors (training quality, instructor support, learning opportunities), consequences (dropout, career trajectories, job satisfaction), and cross-national comparisons of trainee satisfaction. Exclude: general education satisfaction papers that do not address vocational/training context; publications about satisfaction in higher education only unless they specifically address vocational/teacher training contexts.
29421	zufriedenheit	Scholarly works on satisfaction broadly construed (life satisfaction, job satisfaction, domain-specific satisfaction), including theory, measurement, determinants, and consequences.	Relevant publications: empirical and theoretical studies on subjective wellbeing and satisfaction (life satisfaction, job satisfaction, domain satisfactions such as health, income, relationships), scale development and validation (e.g., SWLS), cross-cultural comparisons and longitudinal analyses of satisfaction trajectories. Exclude: papers that use 'satisfaction' only colloquially without measurement or conceptual focus; clinical studies that only report diagnostic outcomes without addressing satisfaction.
6678	zufriedenheit und belastung	Publications exploring the relationship between satisfaction (life, job, training) and burden/strain (stress, workload, caregiver burden, burnout), including correlational and causal analyses.	Relevant publications: empirical studies and reviews that examine how satisfaction relates to perceived burden, stress, workload, burnout, and caregiving strain across contexts (workplace, education, caregiving); intervention studies aiming to reduce burden and improve satisfaction; theoretical work linking demand–resource models to satisfaction outcomes. Exclude: studies treating satisfaction and burden as unrelated topics or focusing solely on clinical diagnosis without linking to satisfaction.
